car	model	price	動力型式	引擎型式	排氣量	最大馬力	最大扭力	壓縮比	系統總合輸出	馬達出力	驅動型式	變速系統	前輪懸吊	後輪懸吊	煞車型式	輪胎尺碼	車身型式	車門數	座位數	車長	車寬	車高	車重	軸距	標準行李箱容量	後座傾倒行李箱容量	市區油耗	高速油耗	平均油耗	燃料費	牌照稅	油箱容量	主動轉向頭燈	後霧燈	前霧燈	LED尾燈	空力套件	LED頭燈	LED日行燈	車頂行李架	鐵圈	後視鏡方向指示燈	抗UV玻璃	HID氙氣頭燈	雙前座電熱椅	右前座電動腰靠調整	後座出風口	里程電腦	駕駛座電動調整	前座扶手	後座扶手	駕駛座電動腰靠調整	雙前座氣動按摩	右前座電動調整	粉塵過濾器	後座傾角調整	前座杯架	分區溫控	駕駛座位置記憶	右前座位置記憶	助手席調整按鈕	織布座椅	恆溫空調	電動天窗	後座折疊小桌	雙前座跑車座椅	換檔撥片	全景天窗	後座杯架	雙前座冷熱通風功能	方向盤快控鍵	方向盤電動調整	後座分離倒覆	後座前後滑移/傾角調整	AUX IN	8只揚聲器	6只揚聲器	9只揚聲器	中控螢幕	DVD主機	USB插槽	12只揚聲器	4只揚聲器	CD音響主機	11只揚聲器	藍牙通訊	10只揚聲器	MP3播放功能	CD播放功能	衛星導航	倒車影像輔助	光感應自動頭燈	定速巡航	電動窗/天窗防夾功能	HUD抬頭顯示器	電動側滑門	倒車圖像輔助	蜂鳴式倒車輔助系統	免鑰匙啟動車門鎖	電動尾門	手動後窗遮陽簾	雨滴感應雨刷	環景影像系統	後視鏡除霧	行車紀錄器	前方駐車雷達	自動停車系統	電動行李廂蓋	電動後擋遮陽簾	電動窗防夾功能	電動折疊後視鏡	智慧防盜座椅	ACC主動跟車系統	車道變換輔助系統	斜坡起步輔助	主動安全預防系統	胎壓監控	防鎖死煞車系統	後座側面氣囊	雙前座側面氣囊	電子煞車力道輔助系統	ISOFIX兒童安全椅固定	車道偏離警示系統	循跡防滑控制系統	全尺寸頭部氣簾	防盜系統	車道維持輔助系統	駕駛座膝部氣囊	遠光燈自動控制	陡坡緩降系統	煞車力道分配系統	雙前座正面氣囊	雙前座護頸頭枕	兒童安全鎖	預束式安全帶	AEB自動緊急煞車系統
mitsubishi-outlander-2020	典藏型	88.5	汽油	自然進氣, 直列4缸, SOHC單凸輪軸, 16氣門	2359cc	168hp@6000rpm	22.4kgm@4200rpm	10.5			前輪驅動	CVT無段變速	麥花臣	多連桿	前後碟煞	215/70R16	運動休旅車	5門	5人座	4690mm	1815mm	1705mm		2670mm			10.6km/ltr	16.1km/ltr	13.6km/ltr	6180元	11230元		X	X	X	O	X	X	O	X	X	X	X	X	X	X	O	O	X	O	O	X	X	X	O	X	O	X	X	X	X	X	O	X	X	X	X	X	O	X	O	X	O	O	O	X	X	X	O	X	O	X	O	O	X	O	X	O	X	X	X	O	O	X	X	X	X	O	X	X	X	O	X	X	X	X	X	X	X	O	O	X	X	O	O	X	O	O	X	O	O	O	X	O	O	O	X	O	X	X	O	O	O	X	O	X
	安全型	92.5	汽油	自然進氣, 直列4缸, SOHC單凸輪軸, 16氣門	2359cc	168hp@6000rpm	22.4kgm@4200rpm	10.5			前輪驅動	CVT無段變速	麥花臣	多連桿	前後碟煞	225/55R18	運動休旅車	5門	5人座	4690mm	1815mm	1705mm		2670mm			10.92km/ltr	16.01km/ltr	13.7km/ltr	6180元	11230元		X	X	X	O	X	X	O	X	X	X	X	X	X	X	O	O	X	O	O	X	X	X	O	X	O	X	X	X	X	X	O	X	X	X	X	X	O	X	O	X	O	O	O	X	X	X	O	X	O	X	O	O	X	O	X	O	X	X	X	O	O	X	X	X	X	O	X	X	X	O	X	X	X	X	X	X	X	O	O	X	O	O	O	X	O	O	X	O	O	O	O	O	O	O	X	O	O	X	O	O	O	X	O	O
	躍動型	97.5	汽油	自然進氣, 直列4缸, SOHC單凸輪軸, 16氣門	2359cc	168hp@6000rpm	22.4kgm@4200rpm	10.5			四輪驅動	CVT無段變速	麥花臣	多連桿	前後碟煞	215/70R16	運動休旅車	5門	5人座	4690mm	1815mm	1705mm		2670mm			10.64km/ltr	14.41km/ltr	12.7km/ltr	6180元	11230元		X	X	O	O	X	X	O	O	X	X	X	X	X	X	O	O	X	O	O	X	X	X	O	X	O	X	X	X	X	X	O	X	X	X	X	X	O	X	O	X	O	O	X	X	X	X	O	X	O	X	O	O	X	O	X	O	X	X	X	O	O	X	X	X	X	O	X	X	X	O	X	X	X	X	X	X	X	O	O	X	X	O	O	X	O	O	X	O	O	O	X	O	O	O	X	O	X	X	O	O	O	X	O	X
	安全型七人座	99.9	汽油	自然進氣, 直列4缸, SOHC單凸輪軸, 16氣門	2359cc	168hp@6000rpm	22.4kgm@4200rpm	10.5			前輪驅動	CVT無段變速	麥花臣	多連桿	前後碟煞	225/55R18	運動休旅車	5門	7人座	4690mm	1815mm	1705mm		2670mm			10.92km/ltr	16.01km/ltr	13.7km/ltr	6180元	11230元		X	X	X	O	X	X	O	X	X	X	X	X	X	X	O	O	X	O	O	X	X	X	O	X	O	X	X	X	X	X	O	X	X	X	X	X	O	X	O	X	O	O	O	X	X	X	O	X	O	X	O	O	X	O	X	O	X	X	X	O	O	X	X	X	X	O	X	X	X	O	X	X	X	X	X	X	X	O	O	X	O	O	O	X	O	O	X	O	O	O	O	O	O	O	X	O	O	X	O	O	O	X	O	O
	尊貴型	99.9	汽油	自然進氣, 直列4缸, SOHC單凸輪軸, 16氣門	2359cc	168hp@6000rpm	22.4kgm@4200rpm	10.5			前輪驅動	CVT無段變速	麥花臣	多連桿	前後碟煞	225/55R18	運動休旅車	5門	5人座	4690mm	1815mm	1705mm		2670mm			10.92km/ltr	16.01km/ltr	13.7km/ltr	6180元	11230元		X	X	O	O	X	O	O	O	X	O	X	X	X	X	O	O	X	O	O	X	X	X	O	X	O	O	X	X	X	X	O	X	X	X	X	X	O	X	O	X	O	O	X	X	O	X	O	X	O	X	X	O	X	O	X	O	X	X	X	O	O	X	X	X	X	O	O	O	X	O	X	X	X	X	X	X	X	O	O	X	O	O	O	X	O	O	X	O	O	O	O	O	O	O	X	O	O	X	O	O	O	X	O	O
	旗艦型	109.5	汽油	自然進氣, 直列4缸, SOHC單凸輪軸, 16氣門	2359cc	168hp@6000rpm	22.4kgm@4200rpm	10.5			四輪驅動	CVT 6速手自排	麥花臣	多連桿	前後碟煞	225/55R18	運動休旅車	5門	5人座	4690mm	1815mm	1705mm		2670mm			10.64km/ltr	14.41km/ltr	12.7km/ltr	6180元	11230元		X	X	O	O	X	O	O	O	X	O	O	X	X	X	O	O	O	O	O	X	X	X	O	X	O	O	X	X	X	X	O	O	X	X	O	X	O	X	O	X	O	O	X	X	O	X	O	X	O	X	X	O	X	O	X	O	X	X	X	O	O	O	X	X	X	O	O	O	X	O	X	X	X	X	X	X	X	X	O	X	O	O	O	X	O	O	X	O	O	O	O	O	O	O	X	O	O	X	O	O	O	X	O	O
	尊貴型七人座	110.9	汽油	自然進氣, 直列4缸, SOHC單凸輪軸, 16氣門	2359cc	168hp@6000rpm	22.4kgm@4200rpm	10.5			前輪驅動	CVT無段變速	麥花臣	多連桿	前後碟煞	225/55R18	運動休旅車	5門	7人座	4690mm	1815mm	1705mm		2670mm			10.92km/ltr	16.01km/ltr	13.7km/ltr	6180元	11230元		X	X	O	O	X	O	O	O	X	O	X	X	X	X	O	O	X	O	O	X	X	X	O	X	O	O	X	X	X	X	O	X	X	X	X	X	O	X	O	X	O	O	X	X	O	X	O	X	O	X	X	O	X	O	X	O	X	X	X	O	O	X	X	X	X	O	O	O	X	O	X	X	X	X	X	X	X	O	O	X	O	O	O	X	O	O	X	O	O	O	O	O	O	O	X	O	O	X	O	O	O	X	O	O
kia-carens-2020	CRDi 柴油科技版	87.9	柴油	渦輪增壓, 直列4缸, DOHC雙凸輪軸, 16氣門	1685cc	141.4hp@4000rpm	34.7kgm@1750~2500rpm	17			前輪驅動	雙離合器7速自手排	麥花臣	扭力樑	前後碟煞	205/55R16	跨界休旅車,廂型休旅車	5門	5人座	4525mm	1805mm	1610mm	1549kg	2750mm	536ltr		15.05km/ltr	19.06km/ltr	17.4km/ltr	2880元	7120元	58ltr	X	O	O	X	X	X	O	O	X	X	X	X	X	X	O	O	X	O	X	X	X	X	O	X	O	O	X	X	X	X	O	X	X	X	X	X	O	X	O	X	O	O	O	X	O	X	O	O	O	X	X	X	X	O	X	O	O	O	X	O	O	X	X	X	X	O	X	X	X	O	X	X	X	X	X	X	X	O	O	X	X	X	O	X	O	O	X	O	O	O	X	O	O	O	X	X	X	X	O	O	X	O	O	X
	CRDi 柴油旗艦版	97.9	柴油	渦輪增壓, 直列4缸, DOHC雙凸輪軸, 16氣門	1685cc	141.4hp@4000rpm	34.7kgm@1750~2500rpm	17			前輪驅動	雙離合器7速自手排	麥花臣	扭力樑	前後碟煞	205/55R16	跨界休旅車,廂型休旅車	5門	5人座	4525mm	1805mm	1610mm	1587kg	2750mm	536ltr		15.05km/ltr	19.06km/ltr	17.4km/ltr	2880元	7120元	58ltr	X	O	O	O	X	X	O	O	X	O	X	O	X	X	O	O	X	O	X	X	X	X	O	X	O	O	X	X	X	X	O	X	O	X	X	O	O	X	O	X	O	O	O	X	O	X	O	O	O	X	X	X	X	O	X	O	O	O	X	O	O	X	X	X	X	O	O	X	X	O	X	X	X	O	X	X	X	O	O	X	X	O	O	X	O	O	X	O	O	O	X	O	O	O	X	X	X	X	O	O	X	O	O	X
	CRDi 柴油旗艦版(七人座客車)	108.9	柴油	渦輪增壓, 直列4缸, DOHC雙凸輪軸, 16氣門	1685cc	141.4hp@4000rpm	34.7kgm@1750~2500rpm	17			前輪驅動	雙離合器7速自手排	麥花臣	扭力樑	前後碟煞	205/55R16	跨界休旅車,廂型休旅車	5門	7人座	4525mm	1805mm	1610mm	1627kg	2750mm	536ltr		14.64km/ltr	19.24km/ltr	17.2km/ltr	2880元	7120元	58ltr	X	O	O	O	X	X	O	O	X	O	X	O	X	X	O	O	X	O	X	X	X	X	O	X	O	O	X	X	X	X	O	X	O	X	X	O	O	X	O	X	O	O	O	X	O	X	O	O	O	X	X	X	X	O	X	O	O	O	X	O	O	X	X	X	X	O	O	X	X	O	X	X	X	O	X	X	X	O	O	X	X	O	O	X	O	O	X	O	O	O	X	O	O	O	X	X	X	X	O	O	X	O	O	X
peugeot-5008-suv-2020	1.6 PureTech Allure	159.8	汽油	渦輪增壓, 直列4缸 DOHC單凸輪軸, 16氣門	1598cc	180hp@5500rpm	25.5kgm@1650rpm	10.5			前輪驅動	8速手自排	麥花臣	半拖曳臂	前後碟煞	225/55R18	運動休旅車	5門	7人座	4641mm	1906mm	1644mm	1546kg	2840mm	780ltr	1940ltr	11.89km/ltr	17.09km/ltr	14.7km/ltr	4800元	7120元	56ltr	X	O	O	O	X	X	O	O	X	X	O	X	O	O	O	O	O	O	O	O	X	X	X	X	O	O	O	X	X	X	O	X	X	X	O	X	O	X	O	X	O	O	X	X	O	X	O	X	O	X	X	X	X	O	X	O	X	X	O	O	O	X	O	X	O	O	O	X	X	O	X	O	X	O	X	X	X	O	O	X	O	O	O	X	O	O	X	O	O	O	O	O	O	O	O	X	O	X	O	O	X	O	O	O
	1.6 PureTech GT Line	169.8	汽油	渦輪增壓, 直列4缸 DOHC單凸輪軸, 16氣門	1598cc	180hp@5500rpm	25.5kgm@1650rpm	10.5			前輪驅動	8速手自排	麥花臣	半拖曳臂	前後碟煞	225/55R18	運動休旅車	5門	7人座	4641mm	1906mm	1644mm	1546kg	2840mm	780ltr	1940ltr	11.89km/ltr	17.09km/ltr	14.7km/ltr	4800元	7120元	56ltr	X	O	O	O	O	O	O	O	X	X	O	X	O	O	O	O	O	O	O	O	O	X	X	X	O	O	O	X	X	X	O	X	O	X	O	X	O	X	O	X	O	O	X	X	O	X	O	X	O	X	X	X	X	O	X	O	X	X	O	O	O	X	O	X	O	O	O	O	O	O	X	O	X	O	X	X	X	O	O	X	O	O	O	X	O	O	X	O	O	O	O	O	O	O	O	X	O	X	O	O	X	O	O	O
	GT	184.8	柴油	渦輪增壓, 直列4缸, DOHC雙凸輪軸, 16氣門	1997cc	177hp@3750rpm	40.75kgm@2000rpm	16.7			前輪驅動	8速手自排	麥花臣	半拖曳臂	前後碟煞	235/50R19	運動休旅車	5門	7人座	4641mm	1906mm	1646mm	1726kg	2840mm	780ltr	1940ltr	13.85km/ltr	20.13km/ltr	17.3km/ltr	3708元	11230元	56ltr	X	O	O	O	O	O	O	O	X	X	O	X	O	O	O	O	O	O	O	O	O	X	X	X	O	O	O	X	X	X	O	X	O	X	O	X	O	X	O	X	O	O	X	X	X	X	O	X	O	X	X	X	X	O	O	O	X	X	O	O	O	X	O	X	O	O	O	O	O	O	O	O	X	O	O	X	X	O	O	X	O	O	O	X	O	O	X	O	O	O	O	O	O	O	O	X	O	X	O	O	X	O	O	O
	GT Grip Control	184.8	柴油	渦輪增壓, 直列4缸, DOHC雙凸輪軸, 16氣門	1997cc	177hp@3750rpm	40.75kgm@2000rpm	16.7			前輪驅動	8速手自排	麥花臣	半拖曳臂	前後碟煞	225/55R18	運動休旅車	5門	7人座	4641mm	1906mm	1646mm	1726kg	2840mm	780ltr	1940ltr	13.85km/ltr	20.13km/ltr	17.3km/ltr	3708元	11230元	56ltr	X	O	O	O	O	O	O	O	X	X	O	X	O	O	O	O	O	O	O	O	O	X	X	X	O	O	O	X	X	X	O	X	O	X	O	X	O	X	O	X	O	O	X	X	X	X	O	X	O	X	X	X	X	O	O	O	X	X	O	O	O	X	O	X	O	O	O	O	O	O	O	O	X	O	O	X	X	O	O	X	O	O	O	X	O	O	X	O	O	O	O	O	O	O	O	X	O	O	O	O	X	O	O	O
kia-sportage-2020	御尊版	113.9	柴油	渦輪增壓, 直列4缸, DOHC雙凸輪軸, 16氣門	1995cc	185hp@4000rpm	41kgm@1750~2750rpm	16			前輪驅動	8速手自排	麥花臣	多連桿	前後碟煞	225/60R17	運動休旅車	5門	5人座	4485mm	1855mm	1655mm	1610kg	2670mm	491ltr	1480ltr	11.33km/ltr	18.88km/ltr	15.2km/ltr	3708元	11230元	62ltr	X	O	O	X	X	X	X	O	X	O	X	X	X	X	O	O	X	O	X	O	X	X	O	O	O	O	X	X	X	X	O	X	X	X	X	X	O	X	O	X	O	X	X	X	O	X	O	X	O	X	X	X	X	O	X	O	X	X	O	O	O	X	X	X	O	O	O	X	X	O	X	X	X	X	X	X	X	O	O	X	O	O	O	X	O	O	X	O	O	O	O	O	O	O	O	X	O	O	O	O	X	O	O	O
	GT Line 2WD	127.9	柴油	渦輪增壓, 直列4缸, DOHC雙凸輪軸, 16氣門	1995cc	185hp@4000rpm	41kgm@1750~2750rpm	16			前輪驅動	8速手自排	麥花臣	多連桿	前後碟煞	245/45R19	運動休旅車	5門	5人座	4485mm	1855mm	1655mm	1684kg	2670mm	491ltr	1480ltr	11.06km/ltr	18.64km/ltr	14.9km/ltr	3708元	11230元	62ltr	X	O	O	O	X	O	O	O	X	O	X	X	X	X	O	O	O	O	X	O	X	O	O	O	O	O	X	X	X	X	O	X	X	X	O	O	O	X	O	X	O	X	X	X	O	X	O	X	O	X	X	X	X	O	X	O	X	X	O	O	O	X	X	X	O	O	O	O	X	O	X	X	X	X	X	X	X	O	O	X	O	O	O	X	O	O	X	O	O	O	O	O	O	O	O	X	O	O	O	O	X	O	O	O
	GT Line AWD	136.9	柴油	渦輪增壓, 直列4缸, DOHC雙凸輪軸, 16氣門	1995cc	185hp@4000rpm	41kgm@1750~2750rpm	16			四輪驅動	8速手自排	麥花臣	多連桿	前後碟煞	245/45R19	運動休旅車	5門	5人座	4485mm	1855mm	1655mm	1744kg	2670mm	491ltr	1480ltr	10.52km/ltr	17.38km/ltr	14km/ltr	3708元	11230元	62ltr	X	O	O	O	X	O	O	O	X	O	X	X	X	X	O	O	O	O	X	O	X	O	O	O	O	O	X	X	X	X	O	X	X	X	O	O	O	X	O	X	O	X	X	X	O	X	O	X	O	X	X	X	X	O	X	O	X	X	O	O	O	X	X	X	O	O	O	O	X	O	X	X	X	X	X	X	X	O	O	X	O	O	O	X	O	O	X	O	O	O	O	O	O	O	O	X	O	O	O	O	X	O	O	O
toyota-camry-2020	2.0雅緻	84.9	汽油	自然進氣, 直列4缸, DOHC雙凸輪軸, 16氣門	1998cc	167hp@6500rpm	20.3kgm/4600rpm	12.7			前輪驅動	6速手自排	麥花臣	麥花臣	前後碟煞	215/60R16	轎車	4門	5人座	4850mm	1825mm	1470mm	1465kg	2775mm			10.08km/ltr	17.52km/ltr	13.7km/ltr	6180元	11230元	70ltr	X	O	O	O	X	X	O	X	X	O	X	X	X	X	O	O	X	O	O	X	X	X	X	X	O	O	X	X	X	X	O	X	X	X	X	X	O	X	O	X	O	X	O	X	X	X	X	X	O	X	O	O	X	X	X	O	X	X	X	X	X	X	X	X	X	O	X	X	X	X	X	O	X	X	X	X	X	O	O	X	X	X	X	X	O	O	X	X	O	O	X	X	X	O	X	X	X	X	O	O	O	O	O	X
	2.5豪華	106.9	汽油	自然進氣, 直列4缸, DOHC雙凸輪軸, 16氣門	2494cc	181hp	23.6kgm	10.4			前輪驅動	6速手自排	麥花臣	雙A臂	前後碟煞	215/55R17	轎車	4門	5人座	4885mm	1840mm	1445mm	1500kg	2825mm	620ltr		8.92km/ltr	16.38km/ltr	12.5km/ltr	7200元	15210元	60ltr	X	O	O	O	X	O	O	X	X	O	X	X	X	X	O	O	O	O	O	O	X	O	O	X	O	O	X	X	X	X	O	X	X	X	X	X	O	X	O	X	O	X	O	X	O	X	O	O	O	X	X	X	X	O	X	O	O	X	O	O	O	X	X	X	O	O	O	X	X	O	X	X	X	O	X	X	X	O	O	X	O	O	O	X	O	O	X	O	O	O	O	O	O	O	O	O	O	X	O	O	X	O	O	X
	2.5 Hybrid尊爵	117.9	油電混合	自然進氣, 直列4缸, DOHC雙凸輪軸, 16氣門	2487cc	178hp@5700rom	22.5kgm@3600~5200rpm	14	218hp	120hp/20.6kgm	前輪驅動	CVT無段變速	麥花臣	雙A臂	前後碟煞	215/55R17	轎車	4門	5人座	4885mm	1840mm	1445mm	1650kg	2825mm	620ltr		62km/ltr	16.78km/ltr	22.9km/ltr	7200元	15210元	50ltr	X	O	O	O	X	O	O	X	X	O	X	X	X	X	O	O	O	O	O	O	X	O	O	X	O	O	X	X	X	X	O	X	X	X	X	X	O	X	O	X	O	X	O	X	O	X	O	O	O	X	X	X	X	O	X	O	O	X	O	O	O	X	O	X	O	O	O	X	X	O	X	X	X	O	X	X	X	O	O	X	O	O	O	X	O	O	X	O	O	O	O	O	O	O	O	O	O	X	O	O	X	O	O	X
	2.5 Hybrid旗艦	139.9	油電混合	自然進氣, 直列4缸, DOHC雙凸輪軸, 16氣門	2487cc	178hp@5700rpm	22.5kgm@3600~5200rpm	14	218hp	120hp/20.6kgm	前輪驅動	CVT無段變速	麥花臣	雙A臂	前後碟煞	235/45R18	轎車	4門	5人座	4885mm	1840mm	1445mm	1650kg	2825mm	620ltr		43.94km/ltr	16.88km/ltr	21.9km/ltr	7200元	15210元	50ltr	X	O	O	O	X	O	O	X	X	O	X	X	X	O	O	O	O	O	O	O	X	O	O	X	O	O	O	X	X	X	O	X	X	X	X	O	O	O	O	O	O	X	O	X	X	O	O	O	O	X	X	X	X	O	X	O	O	O	O	O	O	X	O	X	O	O	O	X	O	O	X	X	X	O	X	X	O	O	O	X	O	O	O	X	O	O	X	O	O	O	O	O	O	O	O	O	O	X	O	O	X	O	O	X
mazda-cx-9-2020	2WD旗艦型	173.9	汽油	渦輪增壓, 直列4缸, DOHC雙凸輪軸, 16氣門	2488cc	230hp@5000rpm	42.8kgm@2000rpm	10.5			前輪驅動	6速手自排	麥花臣	多連桿	前後碟煞	255/50R20	運動休旅車	5門	7人座	5075mm	1969mm	1747mm	1899kg	2930mm	230ltr	810ltr			11.5km/ltr	7200元	15210元	72ltr	X	O	O	O	X	O	O	O	X	O	O	X	X	X	O	O	O	O	O	O	X	O	O	X	O	O	O	X	X	X	O	X	X	X	X	X	O	O	O	X	O	O	O	X	X	X	O	X	O	O	X	X	X	O	X	O	X	O	O	O	O	X	O	X	X	O	O	O	O	O	O	X	X	O	X	X	X	O	O	X	O	O	O	X	O	O	X	O	O	O	O	O	O	O	O	X	O	X	O	O	X	O	O	O
	AWD旗艦進化型	188.5	汽油	渦輪增壓, 直列4缸, DOHC雙凸輪軸, 16氣門	2488cc	230hp@5000rpm	42.8kgm@2000rpm	10.5			四輪驅動	6速手自排	麥花臣	多連桿	前後碟煞	255/50R20	運動休旅車	5門	7人座	5075mm	1969mm	1747mm	1993kg	2930mm	230ltr	810ltr			10.7km/ltr	7200元	15210元	74ltr	X	O	O	O	X	O	O	O	X	O	O	X	X	X	O	O	O	O	O	O	X	O	O	X	O	O	O	X	X	X	O	O	X	X	X	X	O	O	O	X	O	O	O	X	X	X	O	X	O	O	X	X	X	O	X	O	X	O	O	O	O	X	O	X	X	O	O	O	O	O	O	X	X	O	X	X	X	O	O	X	O	O	O	X	O	O	X	O	O	O	O	O	O	O	O	X	O	X	O	O	X	O	O	O
honda-odyssey-2020	2.4 Elite七人座	144.9	汽油	自然進氣, 直列4缸, DOHC雙凸輪軸, 16氣門	2356cc	175hp@6200rpm	23.0kgm@4000rpm	10.1			前輪驅動	CVT 7速手自排	麥花臣	H型扭力桿	前後碟煞	215/55R17	廂型休旅車	5門	7人座	4830mm	1820mm	1695mm	1812kg	2900mm			10.47km/ltr	14.93km/ltr	12.9km/ltr	6180元	11230元	55ltr	X	O	O	O	O	X	O	X	X	O	X	X	X	X	O	O	O	O	O	X	X	X	O	X	O	X	X	X	X	X	O	X	X	X	O	X	O	X	O	X	O	O	X	X	O	X	O	X	O	X	X	O	X	O	X	O	X	X	O	O	O	X	X	O	X	X	O	X	X	X	X	X	X	X	X	X	X	O	O	X	X	X	O	X	O	O	X	O	O	O	X	O	O	O	X	X	X	X	O	O	X	X	O	X
	2.4 Apex八人座	167.8	汽油	自然進氣, 直列4缸, DOHC雙凸輪軸, 16氣門	2356cc	175hp@6200rpm	23.0kgm@4000rpm	10.1			前輪驅動	CVT 7速手自排	麥花臣	H型扭力桿	前後碟煞	215/55R17	廂型休旅車	5門	8人座	4840mm	1820mm	1695mm	1800kg	2900mm			10.47km/ltr	14.93km/ltr	12.9km/ltr	6180元	11230元	55ltr	O	O	O	O	O	O	O	X	X	O	X	X	X	X	O	O	O	O	X	X	X	X	O	X	O	O	X	X	X	X	O	O	X	X	O	X	O	X	O	X	O	O	X	X	O	X	O	X	O	X	X	O	X	O	X	O	X	X	O	O	O	O	X	O	O	O	O	X	O	X	O	X	X	O	O	X	X	X	O	X	O	O	O	X	O	O	X	O	O	O	O	O	O	O	O	X	X	X	O	O	X	X	O	O
	2.4 Apex七人座	169.8	汽油	自然進氣, 直列4缸, DOHC雙凸輪軸, 16氣門	2356cc	175hp@6200rpm	23.0kgm@4000rpm	10.1			前輪驅動	CVT 7速手自排	麥花臣	H型扭力桿	前後碟煞	215/55R17	廂型休旅車	5門	7人座	4840mm	1820mm	1695mm	1865kg	2900mm			10.47km/ltr	14.93km/ltr	12.9km/ltr	6180元	11230元	55ltr	O	O	O	O	O	O	O	X	X	O	X	X	X	X	O	O	O	O	O	X	X	X	O	X	O	O	X	X	X	X	O	O	X	X	O	X	O	X	O	X	O	O	X	X	O	X	O	X	O	X	X	O	X	O	X	O	X	X	O	O	O	O	X	O	O	O	O	X	O	X	O	X	X	O	O	X	X	X	O	X	O	O	O	X	O	O	X	O	O	O	O	O	O	O	O	X	X	X	O	O	X	X	O	O
kia-sorento-2020	豪華版	141.9	柴油	渦輪增壓, 直列4缸, DOHC雙凸輪軸, 16氣門	2199cc	200hp@3800rpm	45kgm@1750~2750rpm	16			前輪驅動	8速手自排	麥花臣	多連桿	前後碟煞	235/60R18	運動休旅車	5門	7人座	4800mm	1890mm	1685mm	1868kg	2780mm	142ltr	1662ltr			14.8km/ltr	3708元	11230元	71ltr	X	O	O	O	X	O	O	O	X	O	X	X	X	X	O	O	O	O	X	O	X	O	O	X	O	O	X	X	X	X	O	X	X	X	X	X	O	X	O	X	O	O	O	X	O	X	O	X	O	X	X	X	X	O	X	O	X	X	O	O	O	X	X	X	X	O	O	O	X	O	X	X	X	O	X	X	X	O	O	X	O	O	O	X	O	O	X	O	O	O	O	O	O	O	O	X	O	O	O	O	X	O	O	O
	GT-Line	164.9	柴油	渦輪增壓, 直列4缸, DOHC雙凸輪軸, 16氣門	2199cc	200hp@3800rpm	45kgm@1750~2750rpm	16			四輪驅動	8速手自排	麥花臣	多連桿	前後碟煞	235/55R19	運動休旅車	5門	7人座	4800mm	1890mm	1685mm	1978kg	2780mm	142ltr	1662ltr			14.0km/ltr	3708元	11230元	71ltr	X	O	O	O	X	O	O	O	X	O	X	X	X	X	O	O	O	O	X	O	X	O	O	X	O	O	X	X	X	X	O	X	X	X	O	O	O	X	O	X	O	O	O	X	O	X	O	X	O	X	X	X	X	O	X	O	X	X	O	O	O	X	X	X	X	O	O	O	X	O	O	X	X	O	X	X	X	O	O	X	O	O	O	X	O	O	X	O	O	O	O	O	O	O	O	X	O	O	O	O	X	O	O	O
skoda-kodiaq-2020	1.4 TSI豪華菁英版	129.9	汽油	渦輪增壓, 直列4缸, DOHC雙凸輪軸, 16氣門	1395cc	150hp@5000~6000rpm	25.5kgm@1500~3500rpm	10.5			前輪驅動	雙離合器6速自手排	麥花臣	多連桿	前後碟煞	235/55R18	運動休旅車	5門	7人座	4697mm	1882mm	1655mm	1598kg	2791mm	270ltr	630ltr	10.4km/ltr	16.3km/ltr	13.5km/ltr	4800元	7120元	58ltr	O	O	O	O	X	O	O	O	X	O	O	X	X	X	O	O	O	O	O	X	X	X	O	X	O	O	O	X	X	X	O	X	O	X	X	O	O	X	O	X	O	O	X	O	X	X	O	X	O	X	X	X	X	O	X	O	X	X	X	O	O	X	X	X	X	O	O	O	X	O	O	O	X	O	X	X	X	O	O	X	O	O	O	X	O	O	O	O	O	O	O	O	O	O	X	O	X	X	O	O	X	O	O	O
	2.0 TSI 4x4尊榮版	149.9	汽油	渦輪增壓, 直列4缸, DOHC雙凸輪軸, 16氣門	1984cc	180hp@3900~6000rpm	32.7kgm@1400~3940rpm	11.65			四輪驅動	雙離合器7速自手排	麥花臣	多連桿	前後碟煞	235/50R19	運動休旅車	5門	7人座	4697mm	1882mm	1655mm	1738kg	2791mm	270ltr	630ltr	9.35km/ltr	13.47km/ltr	11.6km/ltr	6180元	11230元	60ltr	O	O	O	O	X	O	O	O	X	O	O	X	X	X	O	O	O	O	O	X	X	O	O	X	O	O	O	X	X	X	O	X	O	X	O	O	O	X	O	X	O	O	X	O	X	X	O	X	O	X	X	X	X	O	X	O	X	X	X	O	O	O	X	X	X	O	O	O	X	O	O	O	X	O	X	X	X	X	O	X	O	O	O	X	O	O	O	O	O	O	O	O	O	O	X	O	X	X	O	O	X	O	O	O
peugeot-3008-suv-2020	1.2 PureTech Active	119.8	汽油	渦輪增壓, 直列3缸, DOHC雙凸輪軸, 12氣門	1199cc	130hp@5500rpm	23.5kgm@1750rpm	10.5			前輪驅動	6速手自排	麥花臣	半拖曳臂	前後碟煞	215/65R17	運動休旅車	5門	5人座	4447mm	1906mm	1615mm	1433kg	2675mm	520ltr	1482ltr	12.3km/ltr	18.54km/ltr	15.6km/ltr	4320元	4320元	53ltr	X	O	O	O	X	X	O	O	X	X	O	X	X	X	O	O	X	O	O	X	X	X	X	X	O	X	X	X	X	O	X	X	X	X	O	X	O	X	O	X	O	X	X	X	O	X	O	X	O	X	X	X	X	O	X	O	X	X	O	O	O	X	O	X	O	O	O	X	X	O	X	O	X	O	X	X	X	O	O	X	X	X	O	X	O	O	X	O	O	O	X	O	O	O	X	X	X	X	O	O	X	O	O	X
	1.2 PureTech Allure	133.8	汽油	渦輪增壓, 直列3缸, DOHC雙凸輪軸, 12氣門	1199cc	130hp@5500rpm	23.5kgm@1750rpm	10.5			前輪驅動	6速手自排	麥花臣	半拖曳臂	前後碟煞	225/55R18	運動休旅車	5門	5人座	4447mm	1906mm	1615mm	1433kg	2675mm	520ltr	1482ltr	12.3km/ltr	18.54km/ltr	15.6km/ltr	4320元	4320元	53ltr	X	O	O	O	X	X	O	O	X	X	O	X	O	O	O	O	O	O	O	O	X	X	X	X	O	O	O	X	X	X	O	X	X	X	O	X	O	X	O	X	O	X	X	X	O	X	O	X	O	X	X	X	X	O	X	O	X	X	O	O	O	X	O	X	O	O	O	X	X	O	X	O	X	O	X	X	X	O	O	X	X	O	O	X	O	O	X	O	O	O	O	O	O	O	O	X	O	X	O	O	X	O	O	X
	1.6 PureTech Allure	146.8	汽油	渦輪增壓, 直列4缸, DOHC雙凸輪軸, 16氣門	1598cc	180hp@5500rpm	25.5kgm@1650rpm	10.5			前輪驅動	8速手自排	麥花臣	半拖曳臂	前後碟煞	225/55R18	運動休旅車	5門	5人座	4447mm	1906mm	1615mm	1461kg	2675mm	520ltr	1482ltr	12.62km/ltr	17.83km/ltr	15.5km/ltr	4800元	7120元	53ltr	X	O	O	O	X	X	O	O	X	X	O	X	O	O	O	O	O	O	O	O	X	X	X	X	O	O	O	X	X	X	O	X	X	X	O	X	O	X	O	X	O	X	X	X	O	X	O	X	O	X	X	X	X	O	X	O	X	X	O	O	O	X	O	X	O	O	O	X	X	O	X	O	X	O	X	X	X	O	O	X	O	O	O	X	O	O	X	O	O	O	O	O	O	O	O	X	O	X	O	O	X	O	O	O
	1.6 PureTech GT Line	154.8	汽油	渦輪增壓, 直列4缸, DOHC雙凸輪軸, 16氣門	1598cc	180hp@5500rpm	25.5kgm@1650rpm	10.5			前輪驅動	8速手自排	麥花臣	半拖曳臂	前後碟煞	225/55R18	運動休旅車	5門	5人座	4447mm	1906mm	1615mm	1461kg	2675mm	520ltr	1482ltr	12.62km/ltr	17.83km/ltr	15.5km/ltr	4800元	7120元	53ltr	X	O	O	O	O	O	O	O	X	X	O	X	O	O	O	O	O	O	O	O	O	X	X	X	O	O	O	X	X	X	O	X	X	X	O	X	O	X	O	X	O	X	X	X	O	X	O	X	O	X	X	X	X	O	X	O	X	X	O	O	O	X	O	X	O	O	O	X	X	O	X	O	X	O	X	X	X	O	O	X	O	O	O	X	O	O	X	O	O	O	O	O	O	O	O	X	O	X	O	O	X	O	O	O
	1.6 PureTech GT Line＋	169.8	汽油	渦輪增壓, 直列4缸, DOHC雙凸輪軸, 16氣門	1598cc	180hp@5500rpm	25.5kgm@1650rpm	10.5			前輪驅動	8速手自排	麥花臣	半拖曳臂	前後碟煞	225/55R18	運動休旅車	5門	5人座	4447mm	1906mm	1615mm	1461kg	2675mm	520ltr	1482ltr	12.62km/ltr	17.83km/ltr	15.5km/ltr	4800元	7120元	53ltr	X	O	O	O	O	O	O	O	X	X	O	X	O	O	O	O	O	O	O	O	O	X	X	X	O	O	O	X	X	X	O	X	X	X	O	X	O	X	O	X	O	X	X	X	X	X	O	X	O	X	X	X	X	O	O	O	X	X	O	O	O	X	O	X	O	O	O	O	X	O	O	O	X	O	O	X	X	O	O	X	O	O	O	X	O	O	X	O	O	O	O	O	O	O	O	X	O	O	O	O	X	O	O	O
	GT	174.8	柴油	渦輪增壓, 直列4缸, DOHC雙凸輪軸, 16氣門	1997cc	177hp@3750rpm	40.75kgm@2000rpm	16.7			前輪驅動	8速手自排	麥花臣	半拖曳臂	前後碟煞	235/50R19	運動休旅車	5門	5人座	4447mm	1906mm	1615mm	1630kg	2675mm	520ltr	1482ltr	15.25km/ltr	19.38km/ltr	17.6km/ltr	3708元	11230元	53ltr	X	O	O	O	O	O	O	O	X	X	O	X	O	O	O	O	O	O	O	O	O	X	X	X	O	O	O	X	X	X	O	X	X	X	O	X	O	X	O	X	O	X	X	X	X	X	O	X	O	X	X	X	X	O	O	O	X	X	O	O	O	X	O	X	O	O	O	O	X	O	O	O	X	O	O	X	X	O	O	X	O	O	O	X	O	O	X	O	O	O	O	O	O	O	O	X	O	X	O	O	X	O	O	O
	GT Grip Control	174.8	柴油	渦輪增壓, 直列4缸, DOHC雙凸輪軸, 16氣門	1997cc	177hp@3750rpm	40.75kgm@2000rpm	16.7			前輪驅動	8速手自排	麥花臣	半拖曳臂	前後碟煞	225/55R18	運動休旅車	5門	5人座	4447mm	1906mm	1615mm	1630kg	2675mm	520ltr	1482ltr	15.25km/ltr	19.38km/ltr	17.6km/ltr	3708元	11230元	53ltr	X	O	O	O	O	O	O	O	X	X	O	X	O	O	O	O	O	O	O	O	O	X	X	X	O	O	O	X	X	X	O	X	X	X	O	X	O	X	O	X	O	X	X	X	X	X	O	X	O	X	X	X	X	O	O	O	X	X	O	O	O	X	O	X	O	O	O	O	X	O	O	O	X	O	O	X	X	O	O	X	O	O	O	X	O	O	X	O	O	O	O	O	O	O	O	X	O	O	O	O	X	O	O	O
mazda-6-wagon-2020	旗艦型	121.9	汽油	自然進氣, 直列4缸, DOHC雙凸輪軸, 16氣門	1998cc	165hp@6000rpm	21.7kgm@4000rpm	13			前輪驅動	6速手自排	麥花臣	多連桿	前後碟煞	225/45R19	轎式旅行車	5門	5人座	4800mm	1840mm	1480mm	1535kg	2750mm	522ltr		12.0km/ltr	17.4km/ltr	14.9km/ltr	6180元	11230元	62ltr	X	O	X	O	X	O	O	O	X	O	O	X	X	X	O	O	O	O	O	O	X	O	O	X	O	O	O	X	X	X	O	X	X	X	O	X	O	X	O	X	O	X	O	X	X	X	O	X	O	X	X	O	O	O	X	O	X	O	O	O	O	X	O	X	X	O	O	X	X	O	O	X	X	O	X	X	X	O	O	X	O	O	O	X	O	O	X	O	O	O	O	O	O	O	O	X	O	X	O	O	O	X	O	O
	2.5旗艦進化型	132.9	汽油	自然進氣, 直列4缸, DOHC雙凸輪軸, 16氣門	2488cc	194hp@6000rpm	26.3kgm@4000rpm	13			前輪驅動	6速手自排	麥花臣	多連桿	前後碟煞	225/45R19	轎式旅行車	5門	5人座	4800mm	1840mm	1480mm	1544kg	2750mm	522ltr		9.47km/ltr	16.68km/ltr	13km/ltr	7200元	15210元	62ltr	X	O	X	O	X	O	O	O	X	O	O	X	X	X	O	O	O	O	O	O	X	O	O	X	O	O	O	X	X	X	O	X	X	X	O	X	O	O	O	X	O	X	O	X	X	X	O	X	O	X	X	O	O	O	X	O	X	O	O	O	O	X	O	X	X	O	O	X	X	O	O	X	X	O	X	X	X	O	O	X	O	O	O	X	O	O	X	O	O	O	O	O	O	O	O	X	O	X	O	O	O	X	O	O
volkswagen-golf-2020	280 TSI Comfort	89.8	汽油	渦輪增壓, 直列4缸, DOHC雙凸輪軸, 16氣門	1395cc	150hp@5000~6000rpm	25.5kgm@1500~3500rpm	10			前輪驅動	雙離合器7速自手排	麥花臣	多連桿	前後碟煞	205/55R16	掀背車	5門	5人座	4258mm	1799mm	1482mm	1305kg	2626mm	380ltr	1270ltr	14.11km/ltr	18.88km/ltr	16.8km/ltr	4800元	7120元	50ltr	X	O	O	O	X	X	O	X	X	O	X	X	X	X	O	O	X	O	O	X	X	X	O	X	O	X	X	X	X	O	X	X	X	X	X	X	O	X	O	X	O	X	X	O	X	X	O	X	O	X	X	O	X	O	X	O	X	X	X	O	O	X	X	X	O	O	X	X	X	O	X	O	X	O	X	X	X	O	O	X	O	X	O	X	O	O	X	O	O	O	X	O	O	O	X	O	X	X	O	O	O	X	O	O
	280 TSI Life	93.8	汽油	渦輪增壓, 直列4缸, DOHC雙凸輪軸, 16氣門	1395cc	150hp@5000~6000rpm	25.5kgm@1500~3500rpm	10			前輪驅動	雙離合器7速自手排	麥花臣	多連桿	前後碟煞	225/45R17	掀背車	5門	5人座	4258mm	1799mm	1482mm	1305kg	2626mm	380ltr	1270ltr	14.11km/ltr	18.88km/ltr	16.8km/ltr	4800元	7120元	50ltr	X	O	O	O	X	O	O	X	X	O	X	X	X	X	O	O	X	O	O	X	X	X	O	X	O	O	X	X	X	O	O	X	X	X	X	X	O	X	O	X	O	X	X	O	X	X	O	X	O	X	X	O	X	O	X	O	X	X	O	O	O	X	X	X	O	O	O	X	X	O	X	O	X	O	X	X	X	O	O	X	O	X	O	X	O	O	X	O	O	O	X	O	O	O	X	O	X	X	O	O	O	X	O	O
	280 TSI智能特仕版	99.8	汽油	渦輪增壓, 直列4缸, DOHC雙凸輪軸, 16氣門	1395cc	150hp@5000~6000rpm	25.5kgm@1500~3500rpm	10			前輪驅動	雙離合器7速自手排	麥花臣	多連桿	前後碟煞	225/45R17	掀背車	5門	5人座	4258mm	1799mm	1482mm	1305kg	2626mm	380ltr	1270ltr	14.11km/ltr	18.88km/ltr	16.8km/ltr	4800元	7120元	50ltr	X	O	O	O	X	O	O	X	X	O	X	X	X	X	O	O	X	O	O	X	X	X	O	X	O	O	X	X	X	O	O	X	X	X	X	X	O	X	O	X	O	X	X	O	X	X	O	X	O	X	X	O	X	O	X	O	X	X	O	O	O	X	X	X	O	O	O	X	X	O	X	O	X	O	O	X	X	O	O	X	O	O	O	X	O	O	X	O	O	O	O	O	O	O	O	O	X	X	O	O	O	X	O	O
	280 TSI Style	109.8	汽油	渦輪增壓, 直列4缸, DOHC雙凸輪軸, 16氣門	1395cc	150hp@5000~6000rpm	25.5kgm@1500~3500rpm	10			前輪驅動	雙離合器7速自手排	麥花臣	多連桿	前後碟煞	225/45R17	掀背車	5門	5人座	4258mm	1799mm	1482mm	1305kg	2626mm	380ltr	1270ltr	14.11km/ltr	18.88km/ltr	16.8km/ltr	4800元	7120元	50ltr	X	O	O	O	X	O	O	X	X	O	X	X	O	X	O	O	O	O	O	O	X	X	O	X	O	O	O	X	X	X	O	X	X	O	O	X	O	X	O	X	O	X	X	O	X	X	O	X	O	X	X	O	X	O	X	O	X	X	O	O	O	X	X	X	O	O	O	X	X	O	X	O	X	O	O	X	X	O	O	X	O	O	O	X	O	O	X	O	O	O	O	O	O	O	O	O	X	X	O	O	O	X	O	O
	280 TSI R-Line	119.8	汽油	渦輪增壓, 直列4缸, DOHC雙凸輪軸, 16氣門	1395cc	150hp@5000~6000rpm	25.5kgm@1500~3500rpm	10			前輪驅動	雙離合器7速自手排	麥花臣	多連桿	前後碟煞	225/40R18	掀背車	5門	5人座	4258mm	1799mm	1482mm	1320kg	2626mm	380ltr	1270ltr	14.11km/ltr	18.88km/ltr	16.8km/ltr	4800元	7120元	50ltr	X	O	X	O	O	O	O	X	X	O	X	X	O	X	O	O	O	O	O	O	X	X	O	X	O	O	O	X	X	X	O	X	X	O	O	O	O	X	O	X	O	X	X	X	X	O	O	X	O	X	X	O	X	O	X	O	X	X	O	O	O	X	X	X	O	O	O	X	X	O	X	O	X	O	O	X	X	O	O	X	O	O	O	X	O	O	X	O	O	O	O	O	O	O	O	O	X	X	O	O	O	X	O	O
	GTI Performance Pure	142.8	汽油	渦輪增壓, 直列4缸, DOHC雙凸輪軸, 16氣門	1984cc	245hp@5000~6700rpm	37.8kgm@1600 ~4300rpm	9.6			前輪驅動	雙離合器7速自手排	麥花臣	多連桿	前後碟煞	225/40R18	掀背車	5門	5人座	4268mm	1799mm	1482mm	1430kg	2626mm	380ltr	1270ltr	11.41km/ltr	15.96km/ltr	13.9km/ltr	6180元	11230元	50ltr	X	O	O	O	O	O	O	X	X	O	X	X	X	X	O	O	X	O	O	X	X	X	O	X	O	O	X	X	X	O	O	X	X	O	O	X	O	X	O	X	O	X	X	O	X	X	O	X	O	X	X	O	X	O	X	O	X	X	O	O	O	X	X	X	O	O	O	X	X	O	X	O	X	O	O	X	X	O	O	X	O	O	O	O	O	O	X	O	O	O	O	O	O	O	O	O	X	X	O	O	O	X	O	O
	GTI Performance	156.8	汽油	渦輪增壓, 直列4缸, DOHC雙凸輪軸, 16氣門	1984cc	245hp@5000~6700rpm	37.8kgm@1600 ~4300rpm	9.6			前輪驅動	雙離合器7速自手排	麥花臣	多連桿	前後碟煞	225/35R19	掀背車	5門	5人座	4268mm	1799mm	1482mm	1430kg	2626mm	380ltr	1270ltr	11.41km/ltr	15.96km/ltr	13.9km/ltr	6180元	11230元	50ltr	X	O	O	O	O	O	O	X	X	O	X	X	X	X	O	O	X	O	O	X	X	X	O	X	O	O	X	X	X	X	O	X	X	O	O	O	O	X	O	X	O	X	X	X	X	O	O	X	O	X	X	O	X	O	X	O	X	X	O	O	O	X	X	X	O	O	O	X	X	O	X	O	X	O	O	X	X	O	O	X	O	O	O	O	O	O	X	O	O	O	O	O	O	O	O	O	X	X	O	O	O	X	O	O
	R	186.8	汽油	渦輪增壓, 直列4缸, DOHC雙凸輪軸, 16氣門	1984cc	310hp@5500~6500rpm	40.8kgm@1500~4600rpm	9.3			四輪驅動	雙離合器7速自手排	麥花臣	多連桿	前後碟煞	235/35R19	掀背車	5門	5人座	4257mm	1799mm	1491mm	1520kg	2626mm	380ltr	1270ltr	9.62km/ltr	14.42km/ltr	12.2km/ltr	6180元	11230元	55ltr	X	O	X	O	O	O	O	X	X	O	X	X	O	X	O	O	O	O	O	O	X	X	O	X	O	O	O	X	X	X	O	X	X	O	O	O	O	X	O	X	O	X	X	X	X	O	O	X	O	X	X	O	X	O	X	O	X	X	O	O	O	X	X	X	O	O	O	X	X	O	X	O	X	O	X	X	X	O	O	X	O	O	O	O	O	O	X	O	O	O	O	O	O	O	O	O	X	X	O	O	O	X	O	O
luxgen-urx-2020	五人ARD智行款	84.8	汽油	渦輪增壓, 直列4缸, DOHC雙凸輪軸, 16氣門	1798cc	202hp@5200rpm	30.6kgm@2000~4000rpm	9.8			前輪驅動	6速手自排	麥花臣	拖曳臂	前後碟煞	225/50R18	運動休旅車	5門	5人座	4725mm	1826mm	1755mm	1593kg	2720mm			8.89km/ltr	14.99km/ltr	12km/ltr	4800元	7120元	55ltr	X	O	X	O	X	O	O	O	X	X	X	X	X	X	O	O	X	O	O	X	X	X	O	X	O	X	X	X	X	X	O	X	X	X	X	X	O	X	O	X	O	O	X	X	O	X	O	X	O	X	X	X	X	O	X	O	X	X	O	O	O	X	O	X	X	O	O	X	X	O	X	O	X	O	X	X	X	O	O	X	X	X	O	X	O	O	X	O	O	O	X	O	O	O	X	X	X	X	O	O	X	O	O	X
	五人ADAS智駕款	89.8	汽油	渦輪增壓, 直列4缸, DOHC雙凸輪軸, 16氣門	1798cc	202hp@5200rpm	30.6kgm@2000~4000rpm	9.8			前輪驅動	6速手自排	麥花臣	拖曳臂	前後碟煞	225/50R18	運動休旅車	5門	5人座	4725mm	1826mm	1755mm	1593kg	2720mm			8.89km/ltr	14.99km/ltr	12km/ltr	4800元	7120元	55ltr	X	O	X	O	X	O	O	O	X	X	X	X	X	X	O	O	X	O	O	X	X	X	O	X	O	X	X	X	X	X	O	X	X	X	X	X	O	X	O	X	O	O	X	X	O	X	O	X	O	X	X	X	X	O	X	O	X	X	O	O	O	X	O	X	X	O	O	O	X	O	X	O	X	O	O	X	X	O	O	X	O	X	O	X	O	O	X	O	O	O	O	O	O	O	X	X	X	X	O	O	X	O	O	O
	五人AR環景款	94.8	汽油	渦輪增壓, 直列4缸, DOHC雙凸輪軸, 16氣門	1798cc	202hp@5200rpm	30.6kgm@2000~4000rpm	9.8			前輪驅動	6速手自排	麥花臣	拖曳臂	前後碟煞	225/50R18	運動休旅車	5門	5人座	4725mm	1826mm	1755mm	1593kg	2720mm			8.89km/ltr	14.99km/ltr	12km/ltr	4800元	7120元	55ltr	X	O	X	O	X	O	O	O	X	X	X	X	X	X	O	O	X	O	O	X	X	X	O	X	O	X	X	X	X	X	O	X	X	X	X	X	O	X	O	X	O	O	X	X	O	X	O	X	O	X	X	X	X	O	X	O	X	X	O	O	O	X	O	X	X	O	O	O	X	O	O	O	O	O	O	X	X	O	O	X	O	O	O	X	O	O	X	O	O	O	O	O	O	O	X	X	X	X	O	O	X	O	O	O
	五人旗艦款	97.8	汽油	渦輪增壓, 直列4缸, DOHC雙凸輪軸, 16氣門	1798cc	202hp@5200rpm	30.6kgm@2000~4000rpm	9.8			前輪驅動	6速手自排	麥花臣	拖曳臂	前後碟煞	225/50R18	運動休旅車	5門	5人座	4725mm	1826mm	1755mm	1593kg	2720mm			8.89km/ltr	14.99km/ltr	12km/ltr	4800元	7120元	55ltr	X	O	X	O	X	O	O	O	X	X	X	X	X	X	O	O	O	O	O	O	X	O	O	X	O	X	O	X	X	X	O	X	X	X	X	X	O	O	O	X	O	O	X	X	O	X	O	X	O	X	X	X	X	O	X	O	X	X	O	O	O	X	O	X	X	O	O	O	X	O	O	O	O	O	O	X	X	O	O	O	O	O	O	X	O	O	X	O	O	O	O	O	O	O	X	X	X	X	O	O	X	O	O	O
	七人旗艦款	111.9	汽油	渦輪增壓, 直列4缸, DOHC雙凸輪軸, 16氣門	1798cc	202hp@5200rpm	30.6kgm@2000~4000rpm	9.8			前輪驅動	6速手自排	麥花臣	拖曳臂	前後碟煞	225/50R18	運動休旅車	5門	7人座	4725mm	1826mm	1755mm	1648kg	2720mm			8.83km/ltr	14.82km/ltr	11.9km/ltr	4800元	7120元	55ltr	X	O	X	O	X	O	O	O	X	X	X	X	X	X	O	O	O	O	O	O	X	O	O	X	O	X	O	X	X	X	O	X	X	X	X	O	O	O	O	X	O	O	X	X	O	X	O	X	O	X	X	X	X	O	X	O	X	X	O	O	O	X	O	X	X	O	O	O	X	O	O	O	O	O	O	X	X	O	O	O	O	O	O	X	O	O	X	O	O	O	O	O	O	O	X	X	X	X	O	O	X	O	O	O
ford-focus-4d-2020	1.5 Ti-VCT美夢型	69.2	汽油	自然進氣, 直列3缸, DOHC雙凸輪軸, 12氣門	1497cc	123hp@6500rpm	15.3kgm@4500rpm	11			前輪驅動	6速自排	麥花臣	扭力樑	前後碟煞	205/60R16	轎車	4門	5人座	4647mm	1825mm	1470mm	1291kg	2700mm	539ltr		12.84km/ltr	20.74km/ltr	16.9km/ltr	4800元	7120元	52ltr	X	O	O	X	X	X	O	X	X	O	X	X	X	X	X	O	X	O	O	X	X	X	O	X	O	O	X	X	X	X	O	X	X	X	X	X	O	X	O	X	O	X	X	X	O	X	O	X	O	X	X	X	X	O	X	O	X	X	O	O	O	X	X	X	O	O	X	X	X	X	X	O	X	X	X	X	X	O	O	X	X	X	O	X	O	O	X	O	O	O	X	O	O	O	X	X	X	X	O	O	X	O	O	X
	EcoBoost 182時尚型	76.8	汽油	渦輪增壓, 直列3缸, DOHC雙凸輪軸, 12氣門	1497cc	182hp@6000rpm	24.5kgm@1600~4500rpm	11			前輪驅動	8速手自排	麥花臣	扭力樑	前後碟煞	205/60R16	轎車	4門	5人座	4647mm	1825mm	1470mm	1334kg	2700mm	539ltr		13.21km/ltr	21.73km/ltr	17.6km/ltr	4800元	7120元	52ltr	X	O	O	X	X	X	O	X	X	O	X	X	X	X	O	O	X	O	O	X	X	X	O	X	O	O	X	X	X	X	O	X	X	X	O	X	O	X	O	X	O	X	X	X	O	X	O	X	O	X	X	X	X	O	X	O	X	X	O	O	O	X	X	X	O	O	X	X	X	X	X	O	X	X	X	X	X	O	O	X	X	X	O	X	O	O	X	O	O	O	X	O	O	O	X	X	X	X	O	O	X	O	O	X
	EcoBoost 182 17 TSR	87.8	汽油	渦輪增壓, 直列3缸, DOHC雙凸輪軸, 12氣門	1497cc	182hp@6000rpm	24.5kgm@1600~4500rpm	11			前輪驅動	8速手自排	麥花臣	扭力樑	前後碟煞	215/50R17	轎車	4門	5人座	4647mm	1825mm	1475mm	1350kg	2700mm	511ltr		13.3km/ltr	21.54km/ltr	17.5km/ltr	4800元	7120元	52ltr	X	O	O	X	X	O	O	X	X	O	X	X	X	X	O	O	X	O	O	X	X	X	O	X	O	O	X	X	X	X	O	X	X	X	O	X	O	X	O	X	O	X	X	X	X	X	O	X	O	X	X	X	X	O	O	O	X	O	O	O	O	X	O	X	O	O	O	X	X	O	X	O	X	O	X	X	X	O	O	X	O	O	O	X	O	O	X	O	O	O	O	O	O	O	O	X	O	X	O	O	X	O	O	O
toyota-prius-alpha-2020	1.8	125.0	油電混合	自然進氣, 直列4缸, DOHC雙凸輪軸, 16氣門	1798cc	99hp/5200rpm	14.5kgm/4000rpm	13	136hp	82hp/21.1kgm	前輪驅動	CVT無段變速	麥花臣	拖曳臂	前後碟煞	215/50R17	跨界休旅車,廂型休旅車	5門	7人座	4645mm	1775mm	1600mm	1570kg	2780mm			22.83km/ltr	18.72km/ltr	20km/ltr	4800元	7120元	45ltr	X	O	O	O	X	O	O	X	X	O	O	X	O	X	X	O	O	O	X	O	X	X	X	X	O	X	X	X	X	X	O	X	X	X	X	O	X	X	O	X	O	O	X	X	O	X	O	X	O	X	X	X	X	O	X	O	X	O	O	O	O	X	X	X	X	O	O	X	X	O	X	O	X	O	X	X	X	O	O	X	O	X	O	X	O	O	X	O	O	O	O	O	O	O	X	O	O	X	O	O	O	X	O	X
volkswagen-tiguan-allspace-2020	280 TSI Life	128.8	汽油	渦輪增壓, 直列4缸, DOHC雙凸輪軸, 16氣門	1395cc	150hp@5000~6000rpm	25.5kgm@1500~3500rpm	10.5			前輪驅動	雙離合器6速自手排	麥花臣	四連桿	前後碟煞	215/65R17	運動休旅車	5門	7人座	4701mm	1839mm	1674mm	1673kg	2790mm	230ltr	1775ltr	10.25km/ltr	14.92km/ltr	12.8km/ltr	4800元	7120元	58ltr	X	O	O	O	X	O	O	O	X	O	X	X	O	X	O	O	O	O	O	O	X	X	O	X	O	O	O	X	X	X	O	X	X	X	X	O	O	X	O	X	O	O	X	O	X	X	O	X	O	X	X	O	X	O	X	O	X	X	O	O	O	X	X	X	O	O	O	O	X	O	O	O	X	O	O	X	X	O	O	X	O	X	O	X	O	O	X	O	O	O	X	O	O	O	X	O	X	X	O	O	O	O	O	O
	280 TSI Elegance	136.8	汽油	渦輪增壓, 直列4缸, DOHC雙凸輪軸, 16氣門	1395cc	150hp@5000~6000rpm	25.5kgm@1500~3500rpm	10.5			前輪驅動	雙離合器6速自手排	麥花臣	四連桿	前後碟煞	235/55R18	運動休旅車	5門	7人座	4701mm	1839mm	1674mm	1673kg	2790mm	230ltr	1775ltr	10.25km/ltr	14.92km/ltr	12.8km/ltr	4800元	7120元	58ltr	X	O	O	O	X	O	O	O	X	O	X	X	O	X	O	O	O	O	O	O	X	X	O	X	O	O	O	X	X	X	O	X	X	X	O	O	O	X	O	X	O	O	X	O	X	X	O	X	O	X	X	O	X	O	X	O	X	X	O	O	O	X	X	X	O	O	O	O	X	O	O	O	X	O	O	X	X	O	O	X	O	O	O	X	O	O	X	O	O	O	O	O	O	O	O	O	X	X	O	O	O	O	O	O
	330 TSI Elegance	151.8	汽油	渦輪增壓, 直列4缸, DOHC雙凸輪軸, 16氣門	1984cc	180hp@3940~6000rpm	32.6kgm@1500~3940rpm	11.65			四輪驅動	雙離合器7速自手排	麥花臣	四連桿	前後碟煞	235/50R19	運動休旅車	5門	7人座	4701mm	1839mm	1674mm	1805kg	2790mm	230ltr	1775ltr	9.61km/ltr	13.62km/ltr	11.8km/ltr	6180元	11230元	60ltr	X	O	O	O	X	O	O	O	X	O	X	X	O	O	O	O	O	O	O	O	X	O	O	X	O	O	O	O	X	X	O	X	X	X	O	O	O	X	O	X	O	O	X	O	X	X	O	X	O	X	X	O	X	O	X	O	X	X	O	O	O	X	O	X	O	O	O	O	X	O	O	O	X	O	O	X	X	O	O	X	O	O	O	X	O	O	X	O	O	O	O	O	O	O	O	O	X	O	O	O	O	O	O	O
	380 TSI R-Line  Performance	179.8	汽油	渦輪增壓, 直列4缸, DOHC雙凸輪軸, 16氣門	1984cc	220hp@4500~6200rpm	35.7kgm@1500~4400rpm	9.6			四輪驅動	雙離合器7速自手排	麥花臣	四連桿	前後碟煞	255/40R20	運動休旅車	5門	7人座	4701mm	1839mm	1674mm	1845kg	2790mm	230ltr	1775ltr	8.76km/ltr	12.84km/ltr	11.0km/ltr	6180元	11230元	60ltr	X	O	O	O	O	O	O	O	X	O	X	X	O	O	O	O	O	O	O	O	X	O	O	X	O	O	O	O	X	X	O	X	X	X	O	O	O	X	O	X	O	O	X	X	X	O	O	X	O	X	X	O	X	O	X	O	X	X	O	O	O	X	O	X	O	O	O	O	X	O	O	O	X	O	O	X	X	O	O	X	O	O	O	O	O	O	X	O	O	O	O	O	O	O	O	O	X	O	O	O	O	O	O	O
mazda-6-2020	旗艦進化型	124.9	汽油	自然進氣, 直列4缸, DOHC雙凸輪軸, 16氣門	1998cc	165hp@6000rpm	21.7kgm@4000rpm	13			前輪驅動	6速手自排	麥花臣	多連桿	前後碟煞	225/45R19	轎車	4門	5人座	4865mm	1840mm	1450mm	1521kg	2830mm	500ltr		11.1km/ltr	18.24km/ltr	14.8km/ltr	6180元	11230元	62ltr	X	O	X	O	X	O	O	X	X	O	O	X	X	X	O	O	O	O	O	O	X	O	O	X	O	O	O	X	X	X	O	X	X	X	O	X	O	O	O	X	O	X	O	X	X	X	O	X	O	X	X	O	O	O	X	O	X	O	O	O	O	X	O	X	X	O	O	X	X	O	O	X	X	O	X	X	X	O	O	X	O	O	O	X	O	O	X	O	O	O	O	O	O	O	O	X	O	X	O	O	O	X	O	O
toyota-sienta-2020	5人座經典	64.9	汽油	自然進氣, 直列4缸, DOHC雙凸輪軸, 16氣門	1496cc	107hp@6000rpm	14.3kgm@4200rpm	11.5			前輪驅動	CVT無段變速	麥花臣	拖曳臂	前後碟煞	185/60R15	跨界休旅車,廂型休旅車	5門	5人座	4260mm	1695mm	1675mm	1285kg	2750mm			13.45km/ltr	18.75km/ltr	16.4km/ltr	4800元	7120元	42ltr	X	O	X	O	X	X	O	X	X	O	X	X	X	X	X	O	X	X	X	X	X	X	O	X	O	X	X	X	X	X	X	X	X	X	X	X	O	X	X	X	O	X	X	X	X	X	X	X	O	X	O	O	X	O	X	O	X	X	X	O	X	X	X	X	X	X	O	X	X	X	X	X	X	X	X	X	X	O	X	X	X	X	O	X	O	O	X	X	O	O	X	O	X	O	X	X	X	X	O	O	X	O	O	X
	5人座豪華	68.9	汽油	自然進氣, 直列4缸, DOHC雙凸輪軸, 16氣門	1798cc	140hp@6200rpm	17.5kgm@4000rpm	10.6			前輪驅動	CVT無段變速	麥花臣	拖曳臂	前後碟煞	185/60R15	跨界休旅車,廂型休旅車	5門	5人座	4260mm	1695mm	1675mm	1315kg	2750mm			11.43km/ltr	17.55km/ltr	14.7km/ltr	4800元	7120元	42ltr	X	O	X	O	X	X	O	X	X	O	X	X	X	X	X	O	X	O	X	X	X	X	O	X	O	X	X	X	X	X	O	X	X	X	X	X	O	X	O	X	O	X	X	X	X	X	O	X	O	X	O	X	X	O	X	O	X	X	X	O	X	X	X	X	X	O	O	X	X	X	X	X	X	X	X	X	X	O	O	X	X	X	O	X	O	O	X	O	O	O	X	O	X	O	X	X	X	X	O	O	X	O	O	X
	5人座豪華＋	70.9	汽油	自然進氣, 直列4缸, DOHC雙凸輪軸, 16氣門	1798cc	140hp@6200rpm	17.5kgm@4000rpm	10.6			前輪驅動	CVT無段變速	麥花臣	拖曳臂	前後碟煞	185/60R15	跨界休旅車,廂型休旅車	5門	5人座	4260mm	1695mm	1675mm	1315kg	2750mm			11.43km/ltr	17.55km/ltr	14.7km/ltr	4800元	7120元	42ltr	X	O	X	O	X	X	O	X	X	O	X	X	X	X	X	O	X	O	X	X	X	X	O	X	O	X	X	X	X	X	O	X	X	X	X	X	O	X	O	X	O	X	X	X	X	X	O	X	O	X	O	X	X	O	X	O	X	X	X	O	O	X	X	O	X	O	O	X	X	X	X	X	X	X	X	X	X	O	O	X	X	O	O	X	O	O	X	O	O	O	X	O	X	O	X	X	X	X	O	O	X	O	O	X
	5人座尊爵	76.9	汽油	自然進氣, 直列4缸, DOHC雙凸輪軸, 16氣門	1798cc	140hp@6200rpm	17.5kgm@4000rpm	10.6			前輪驅動	CVT無段變速	麥花臣	拖曳臂	前後碟煞	195/50R16	跨界休旅車,廂型休旅車	5門	5人座	4260mm	1695mm	1675mm	1330kg	2750mm			11.43km/ltr	17.55km/ltr	14.7km/ltr	4800元	7120元	42ltr	X	O	X	O	X	O	O	X	X	O	X	X	X	X	X	O	X	O	X	X	X	X	O	X	O	X	X	X	X	X	O	X	X	X	X	X	O	X	O	X	O	X	X	X	O	X	O	X	O	X	X	X	X	O	X	O	X	X	X	O	O	X	X	O	X	O	O	X	X	X	X	X	X	X	X	X	X	O	O	X	X	O	O	X	O	O	X	O	O	O	X	O	X	O	X	X	X	X	O	O	X	O	O	X
	7人座豪華	77.9	汽油	自然進氣, 直列4缸, DOHC雙凸輪軸, 16氣門	1798cc	140hp@6200rpm	17.5kgm@4000rpm	10.6			前輪驅動	CVT無段變速	麥花臣	拖曳臂	前後碟煞	185/60R15	跨界休旅車,廂型休旅車	5門	7人座	4260mm	1695mm	1675mm	1350kg	2750mm			11.28km/ltr	17.62km/ltr	14.6km/ltr	4800元	7120元	42ltr	X	O	X	O	X	X	O	X	X	O	X	X	X	X	O	O	X	O	X	X	X	X	O	X	O	X	X	X	X	X	O	X	X	X	X	X	O	X	O	X	O	O	X	X	X	X	O	X	O	X	O	X	X	O	X	O	X	X	X	O	O	X	X	X	X	O	O	X	X	X	X	X	X	X	X	X	X	O	O	X	X	X	O	X	O	O	X	O	O	O	X	O	O	O	X	X	X	X	O	O	X	O	O	X
	7人座豪華＋	80.9	汽油	自然進氣, 直列4缸, DOHC雙凸輪軸, 16氣門	1798cc	140hp@6200rpm	17.5kgm@4000rpm	10.6			前輪驅動	CVT無段變速	麥花臣	拖曳臂	前後碟煞	185/60R15	跨界休旅車,廂型休旅車	5門	7人座	4260mm	1695mm	1675mm	1350kg	2750mm			11.28km/ltr	17.62km/ltr	14.6km/ltr	4800元	7120元	42ltr	X	O	X	O	X	X	O	X	X	O	X	X	X	X	O	O	X	O	X	X	X	X	O	X	O	X	X	X	X	X	O	X	X	X	X	X	O	X	O	X	O	O	X	X	X	X	O	X	O	X	O	X	X	O	X	O	X	X	X	O	O	X	X	O	X	O	O	X	X	X	X	X	X	X	X	X	X	O	O	X	X	O	O	X	O	O	X	O	O	O	X	O	O	O	X	X	X	X	O	O	X	O	O	X
	7人座尊爵	89.9	汽油	自然進氣, 直列4缸, DOHC雙凸輪軸, 16氣門	1798cc	140hp@6200rpm	17.5kgm@4000rpm	10.6			前輪驅動	CVT無段變速	麥花臣	拖曳臂	前後碟煞	195/50R16	跨界休旅車,廂型休旅車	5門	7人座	4260mm	1695mm	1675mm	1365kg	2750mm			11.28km/ltr	17.62km/ltr	14.6km/ltr	4800元	7120元	42ltr	X	O	X	O	X	O	O	X	X	O	X	X	X	X	O	O	X	O	X	X	X	X	O	X	O	X	X	X	X	X	O	X	X	X	X	X	O	X	O	X	O	O	X	X	O	X	O	X	O	X	X	X	X	O	X	O	X	X	X	O	O	X	X	O	O	O	O	X	X	X	O	X	X	O	X	X	X	O	O	X	X	O	O	X	O	O	X	O	O	O	X	O	O	O	X	X	X	X	O	O	X	O	O	X
hyundai-tucson-2020	汽油經典	84.9	汽油	自然進氣, 直列4缸, DOHC雙凸輪軸, 16氣門	1999cc	155hp@6200rpm	19.6kgm@4000rpm	10.3			前輪驅動	6速手自排	麥花臣	多連桿	前後碟煞	225/60R17	運動休旅車	5門	5人座	4480mm	1850mm	1655mm	1475kg	2670mm	513ltr	1503ltr	9.39km/ltr	15.69km/ltr	12.6km/ltr	6180元	11230元	62ltr	X	O	O	X	X	X	O	X	X	O	X	X	X	X	O	O	X	O	O	X	X	X	O	O	O	O	X	X	X	X	O	X	X	X	X	X	O	X	O	X	O	X	O	X	O	X	X	X	O	X	X	X	X	O	X	O	X	X	X	O	O	X	X	X	X	O	X	X	X	X	X	O	X	X	X	X	X	O	O	X	X	X	O	X	O	O	X	O	O	O	X	O	O	O	X	X	X	O	O	O	X	O	O	X
	汽油雅緻	89.9	汽油	渦輪增壓, 直列4缸, DOHC雙凸輪軸, 16氣門	1591cc	177hp@5500rpm	27.0kgm@1500~4500rpm	10			前輪驅動	雙離合器7速自手排	麥花臣	多連桿	前後碟煞	225/55R18	運動休旅車	5門	5人座	4480mm	1850mm	1660mm	1531kg	2670mm	513ltr	1503ltr	11.15km/ltr	16.34km/ltr	13.9km/ltr	4800元	7120元	62ltr	X	O	O	X	X	X	O	O	X	O	X	X	X	X	O	O	X	O	O	X	X	X	O	O	O	O	X	X	X	X	O	X	X	X	X	X	O	X	O	X	O	X	O	X	O	X	X	X	O	X	X	X	X	O	X	O	X	X	X	O	O	X	X	X	X	O	X	X	X	X	X	O	X	X	X	X	X	O	O	X	X	O	O	X	O	O	X	O	O	O	X	O	O	O	X	X	X	O	O	O	X	O	O	X
	汽油豪華	95.9	汽油	渦輪增壓, 直列4缸, DOHC雙凸輪軸, 16氣門	1591cc	177hp@5500rpm	27.0kgm@1500~4500rpm	10			前輪驅動	雙離合器7速自手排	麥花臣	多連桿	前後碟煞	225/55R18	運動休旅車	5門	5人座	4480mm	1850mm	1660mm	1531kg	2670mm	513ltr	1503ltr	11.15km/ltr	16.34km/ltr	13.9km/ltr	4800元	7120元	62ltr	X	O	O	X	X	X	O	O	X	O	X	X	X	X	O	O	O	O	O	O	X	X	O	O	O	O	X	X	X	X	O	X	X	X	X	X	O	X	O	X	O	X	O	X	O	X	O	X	O	X	X	X	X	O	X	O	X	X	O	O	O	X	X	X	X	O	O	X	X	X	X	O	X	X	X	X	X	O	O	X	O	X	O	X	O	O	X	O	O	O	O	O	O	O	O	X	O	O	O	O	X	O	O	O
	汽油尊爵	99.9	汽油	渦輪增壓, 直列4缸, DOHC雙凸輪軸, 16氣門	1591cc	177hp@5500rpm	27.0kgm@1500~4500rpm	10			前輪驅動	雙離合器7速自手排	麥花臣	多連桿	前後碟煞	225/55R18	運動休旅車	5門	5人座	4480mm	1850mm	1660mm	1542kg	2670mm	513ltr	1503ltr	10.58km/ltr	15.35km/ltr	13.2km/ltr	4800元	7120元	62ltr	X	O	O	O	X	O	O	O	X	O	X	X	X	X	O	O	O	O	O	O	X	X	O	O	O	O	X	X	X	X	O	X	X	X	X	X	O	X	O	X	O	X	O	X	O	X	O	X	O	X	X	X	X	O	X	O	X	X	O	O	O	X	X	X	X	O	O	X	X	X	X	O	X	X	X	X	X	O	O	X	O	O	O	X	O	O	X	O	O	O	O	O	O	O	O	X	O	O	O	O	X	O	O	O
	汽油旗艦	105.9	汽油	渦輪增壓, 直列4缸, DOHC雙凸輪軸, 16氣門	1591cc	177hp@5500rpm	27.0kgm@1500~4500rpm	10			前輪驅動	雙離合器7速自手排	麥花臣	多連桿	前後碟煞	225/55R18	運動休旅車	5門	5人座	4480mm	1850mm	1660mm	1570kg	2670mm	513ltr	1503ltr	10.58km/ltr	15.35km/ltr	13.2km/ltr	4800元	7120元	62ltr	X	O	O	O	X	O	O	O	X	O	X	X	X	X	O	O	O	O	O	O	X	O	O	O	O	O	X	X	X	X	O	X	X	X	X	O	O	X	O	X	O	X	O	X	O	X	O	X	O	X	X	X	X	O	X	O	X	X	O	O	O	O	X	X	X	O	O	O	X	X	O	O	X	O	X	X	X	X	O	X	O	O	O	X	O	O	X	O	O	O	O	O	O	O	O	X	O	O	O	O	X	O	O	O
	柴油旗艦4WD	114.9	柴油	渦輪增壓, 直列4缸, DOHC雙凸輪軸, 16氣門	1995cc	185hp@4000rpm	41kgm@1750~2750rpm	16			四輪驅動	8速手自排	麥花臣	多連桿	前後碟煞	225/55R18	運動休旅車	5門	5人座	4480mm	1850mm	1660mm	1710kg	2670mm	513ltr	1503ltr	10.75km/ltr	16.98km/ltr	14.0km/ltr	3708元	11230元	62ltr	X	O	O	O	X	O	O	O	X	O	X	X	X	X	O	O	O	O	O	O	X	O	O	O	O	O	X	X	X	X	O	X	X	X	X	X	O	X	O	X	O	X	O	X	O	X	O	X	O	X	X	X	X	O	X	O	X	X	O	O	O	X	X	X	X	O	O	O	X	X	X	O	X	O	X	X	X	O	O	X	O	O	O	X	O	O	X	O	O	O	O	O	O	O	O	X	O	O	O	O	X	O	O	O
mazda-3-4d-2020	2.0尊榮型	79.9	汽油	自然進氣, 直列4缸, DOHC雙凸輪軸, 16氣門	1998cc	165hp@6000rpm	21.7kgm@4000rpm	13			前輪驅動	6速手自排	麥花臣	扭力樑	前後碟煞	205/60R16	轎車	4門	5人座	4660mm	1795mm	1440mm	1352kg	2725mm	444ltr		11.34km/ltr	19.42km/ltr	15.3km/ltr	6180元	11230元	51ltr	X	O	X	X	X	O	X	X	X	O	O	X	X	X	X	O	X	O	O	X	X	X	X	X	O	X	X	X	X	X	X	X	X	X	X	X	O	X	O	X	O	X	X	O	X	X	O	X	O	X	X	X	X	O	X	O	X	O	O	O	O	X	X	X	X	O	X	X	X	O	X	X	X	X	X	X	X	O	O	X	X	X	O	X	O	O	X	O	O	O	X	O	O	O	X	O	X	X	O	O	X	O	O	X
	2.0頂級型	89.9	汽油	自然進氣, 直列4缸, DOHC雙凸輪軸, 16氣門	1998cc	165hp@6000rpm	21.7kgm@4000rpm	13			前輪驅動	6速手自排	麥花臣	扭力樑	前後碟煞	215/45R18	轎車	4門	5人座	4660mm	1795mm	1440mm	1369kg	2725mm	444ltr		11.34km/ltr	19.42km/ltr	15.3km/ltr	6180元	11230元	51ltr	O	O	X	O	X	O	O	X	X	O	O	X	X	X	O	O	X	O	O	X	X	X	X	X	O	O	X	X	X	X	O	X	X	X	X	X	O	X	O	X	O	X	X	O	X	X	O	X	O	X	X	X	X	O	X	O	X	O	O	O	O	X	X	X	O	O	O	X	X	O	X	X	X	O	X	X	X	O	O	X	O	O	O	X	O	O	X	O	O	O	O	O	O	O	O	O	O	X	O	O	X	O	O	O
	2.0旗艦型	95.9	汽油	自然進氣, 直列4缸, DOHC雙凸輪軸, 16氣門	1998cc	165hp@6000rpm	21.7kgm@4000rpm	13			前輪驅動	6速手自排	麥花臣	扭力樑	前後碟煞	215/45R18	轎車	4門	5人座	4660mm	1795mm	1440mm	1369kg	2725mm	444ltr		11.34km/ltr	19.42km/ltr	15.3km/ltr	6180元	11230元	51ltr	O	O	X	O	X	O	O	X	X	O	O	X	X	X	O	O	X	O	O	X	X	X	X	X	O	O	X	X	X	X	O	X	X	X	X	X	O	X	O	X	O	X	X	O	X	X	O	X	O	X	X	X	X	O	X	O	X	O	O	O	O	X	O	X	O	O	O	X	X	O	O	X	X	O	X	X	X	O	O	X	O	O	O	X	O	O	X	O	O	O	O	O	O	O	O	O	O	X	O	O	X	O	O	O
	2.0 Bose旗艦型	97.9	汽油	自然進氣, 直列4缸, DOHC雙凸輪軸, 16氣門	1998cc	165hp@6000rpm	21.7kgm@4000rpm	13			前輪驅動	6速手自排	麥花臣	扭力樑	前後碟煞	215/45R18	轎車	4門	5人座	4660mm	1795mm	1440mm	1369kg	2725mm	444ltr		11.34km/ltr	19.42km/ltr	15.3km/ltr	6180元	11230元	51ltr	O	O	X	O	X	O	O	X	X	O	O	X	X	X	O	O	X	O	O	X	X	X	X	X	O	O	X	X	X	X	O	X	X	X	X	X	O	X	O	X	O	X	X	X	X	X	O	X	O	O	X	X	X	O	X	O	X	O	O	O	O	X	O	X	O	O	O	X	X	O	O	X	X	O	X	X	X	O	O	X	O	O	O	X	O	O	X	O	O	O	O	O	O	O	O	O	O	X	O	O	X	O	O	O
citroen-berlingo-2020	Live MT6	98.8	柴油	渦輪增壓, 直列4缸, DOHC雙凸輪軸, 16氣門	1499cc	130hp@3750rpm	30.6kgm@1750rpm	16.7			前輪驅動	6速手排	麥花臣	半拖曳臂	前後碟煞	205/60R16	廂型休旅車	5門	7人座	4753mm	1912mm	1846mm	1650kg	2975mm	209ltr	1900ltr	16.96km/ltr	22.22km/ltr	20.0km/ltr	2880元	7120元	53ltr	X	O	O	X	X	X	O	X	O	X	X	X	X	X	O	O	X	O	O	X	X	X	X	X	O	O	X	X	X	O	O	X	X	X	X	X	O	X	O	X	O	O	X	X	O	X	X	X	O	X	X	X	X	O	X	O	X	X	X	O	O	X	X	X	O	O	X	X	X	O	X	X	X	X	X	X	X	O	X	X	X	X	O	X	O	O	X	O	O	O	O	O	O	O	O	X	X	X	O	O	X	O	O	O
	Feel	120.8	柴油	渦輪增壓, 直列4缸, DOHC雙凸輪軸, 16氣門	1499cc	130hp@3750rpm	30.6kgm@1750rpm	16.7			前輪驅動	8速手自排	麥花臣	半拖曳臂	前後碟煞	205/60R16	廂型休旅車	5門	7人座	4753mm	1912mm	1846mm	1694kg	2975mm	209ltr	1900ltr	15.94km/ltr	22.18km/ltr	19.4km/ltr	2880元	7120元	53ltr	X	O	O	X	X	X	O	O	X	X	X	X	X	X	O	O	X	O	O	X	X	X	X	X	O	O	X	X	X	O	O	X	O	X	O	X	O	X	O	X	O	O	X	X	O	X	O	X	O	X	X	X	X	O	X	O	X	X	O	O	O	X	X	X	O	O	O	X	X	O	X	X	X	O	X	X	X	O	O	X	O	O	O	X	O	O	X	O	O	O	O	O	O	O	O	X	O	X	O	O	X	O	O	O
	XTR	129.8	柴油	渦輪增壓, 直列4缸, DOHC雙凸輪軸, 16氣門	1499cc	130hp@3750rpm	30.6kgm@1750rpm	16.7			前輪驅動	8速手自排	麥花臣	半拖曳臂	前後碟煞	205/55R17	廂型休旅車	5門	7人座	4753mm	1912mm	1846mm	1694kg	2975mm	209ltr	1900ltr	15.94km/ltr	22.18km/ltr	19.4km/ltr	2880元	7120元	53ltr	X	O	O	X	X	X	O	O	X	X	X	X	X	X	O	O	X	O	O	X	X	X	X	X	O	O	X	X	X	O	O	X	O	X	O	X	O	X	O	X	O	O	X	X	O	X	O	X	O	X	X	X	X	O	X	O	X	X	O	O	O	X	O	X	O	O	O	X	X	O	X	X	X	O	X	X	X	O	O	X	O	O	O	X	O	O	X	O	O	O	O	O	O	O	O	X	O	X	O	O	X	O	O	O
mazda-cx-5-2020	SKY-G 2WD頂級型	111.9	汽油	自然進氣, 直列4缸, DOHC雙凸輪軸, 16氣門	1998cc	165hp@6000rpm	21.7kgm@4000rpm	13			前輪驅動	6速手自排	麥花臣	多連桿	前後碟煞	225/55R19	運動休旅車	5門	5人座	4550mm	1842mm	1680mm	1522kg	2700mm	615ltr	1620ltr	11.05km/ltr	16.67km/ltr	14.0km/ltr	6180元	11230元	56ltr	O	O	O	O	O	O	O	O	X	O	O	X	X	X	O	O	O	O	O	O	X	X	O	O	O	O	X	X	X	X	O	X	X	X	X	X	O	X	O	X	O	X	O	X	O	X	O	X	O	X	X	X	X	O	X	O	X	O	O	O	O	X	O	X	X	O	O	X	X	O	O	X	X	O	X	X	X	O	O	X	O	O	O	X	O	O	X	O	X	O	O	O	O	O	O	X	O	X	O	O	O	X	O	O
	SKY-G 2WD旗艦經典型	119.9	汽油	自然進氣, 直列4缸, DOHC雙凸輪軸, 16氣門	1998cc	165hp@6000rpm	21.7kgm@4000rpm	13			前輪驅動	6速手自排	麥花臣	多連桿	前後碟煞	225/55R19	運動休旅車	5門	5人座	4550mm	1842mm	1680mm	1550kg	2700mm	615ltr	1620ltr	10.62km/ltr	15.98km/ltr	13.5km/ltr	6180元	11230元	56ltr	O	O	O	O	O	O	O	O	X	O	O	X	X	X	O	O	O	O	O	O	X	O	O	O	O	O	O	X	X	X	O	X	X	X	X	X	O	O	O	X	O	X	O	X	X	X	O	X	O	X	X	X	X	O	O	O	X	O	O	O	O	X	O	X	X	O	O	O	X	O	O	X	X	O	X	X	X	O	O	X	O	O	O	X	O	O	X	O	X	O	O	O	O	O	O	X	O	X	O	O	O	X	O	O
	SKY-G 2.5 2WD旗艦經典型	125.9	汽油	自然進氣, 直列4缸, DOHC雙凸輪軸, 16氣門	2488cc	194hp@6000rpm	26.3kgm@4000rpm	13			前輪驅動	6速手自排	麥花臣	多連桿	前後碟煞	225/55R19	運動休旅車	5門	5人座	4550mm	1842mm	1680mm	1566kg	2700mm	615ltr	1620ltr	9.99km/ltr	16.00km/ltr	13.1km/ltr	7200元	15210元	56ltr	O	O	O	O	O	O	O	O	X	O	O	X	X	X	O	O	O	O	O	O	X	O	O	O	O	O	O	X	X	X	O	X	X	X	X	X	O	O	O	X	O	X	O	X	X	X	O	X	O	X	X	X	X	O	O	O	X	O	O	O	O	X	O	X	X	O	O	O	X	O	O	X	X	O	X	X	X	O	O	X	O	O	O	X	O	O	X	O	X	O	O	O	O	O	O	X	O	X	O	O	O	X	O	O
	SKY-G 2.5 AWD旗艦進化型	136.9	汽油	自然進氣, 直列4缸, DOHC雙凸輪軸, 16氣門	2488cc	194hp@6000rpm	26.3kgm@4000rpm	13			四輪驅動	6速手自排	麥花臣	多連桿	前後碟煞	225/55R19	運動休旅車	5門	5人座	4550mm	1842mm	1680mm	1645kg	2700mm	615ltr	1620ltr	9.40km/ltr	14.85km/ltr	12.2km/ltr	7200元	15210元	58ltr	O	O	O	O	O	O	O	O	X	O	O	X	X	X	O	O	O	O	O	O	X	O	O	O	O	O	O	X	X	X	O	O	X	X	X	X	O	O	O	X	O	X	O	X	X	X	O	X	O	X	X	X	X	O	O	O	X	O	O	O	O	X	O	X	X	O	O	O	X	O	O	X	X	O	X	X	X	O	O	X	O	O	O	X	O	O	X	O	X	O	O	O	O	O	O	X	O	X	O	O	O	X	O	O
skoda-karoq-2020	1.5 TSI 菁英版	110.9	汽油	渦輪增壓, 直列4缸, DOHC雙凸輪軸, 16氣門	1498cc	150hp@5000~6000rpm	25.5kgm@1500~3500rpm	12.5			前輪驅動	雙離合器7速自手排	麥花臣	扭力樑	前後碟煞	215/55R17	運動休旅車,跨界休旅車	5門	5人座	4382mm	1841mm	1603mm	1393kg	2638mm	521ltr	1630ltr	14.05km/ltr	18.98km/ltr	16.8km/ltr	4800元	7120元	50ltr	O	O	O	O	X	O	O	O	X	O	O	X	X	X	O	O	X	O	O	X	X	X	O	X	O	X	X	X	X	X	X	X	X	X	X	O	O	X	O	X	O	O	X	O	X	X	O	X	O	X	X	X	X	O	X	O	X	X	O	O	O	X	X	X	X	O	O	O	X	O	X	O	X	X	X	X	X	O	O	X	O	O	O	X	O	O	X	O	O	O	O	O	O	O	X	O	X	X	O	O	X	O	O	O
	1.5 TSI 尊榮版	126.9	汽油	渦輪增壓, 直列4缸, DOHC雙凸輪軸, 16氣門	1498cc	150hp@5000~6000rpm	25.5kgm@1500~3500rpm	12.5			前輪驅動	雙離合器7速自手排	麥花臣	扭力樑	前後碟煞	215/50R18	運動休旅車,跨界休旅車	5門	5人座	4382mm	1841mm	1603mm	1393kg	2638mm	521ltr	1630ltr	14.05km/ltr	18.98km/ltr	16.8km/ltr	4800元	7120元	50ltr	O	O	O	O	X	O	O	O	X	O	O	X	X	X	O	O	O	O	O	X	X	X	O	X	O	O	O	X	X	X	O	X	O	X	X	O	O	X	O	X	O	O	X	O	X	X	O	X	O	X	X	X	X	O	X	O	X	X	O	O	O	X	X	X	O	O	O	O	X	O	X	O	X	O	X	X	X	O	O	X	O	O	O	X	O	O	X	O	O	O	O	O	O	O	X	O	X	X	O	O	X	O	O	O
peugeot-308-sw-2020	1.2 PureTech Allure	125.8	汽油	渦輪增壓, 直列3缸, DOHC雙凸輪軸, 12氣門	1199cc	130hp@5500rpm	23.45kgm@1750rpm	10.5			前輪驅動	6速手自排	麥花臣	半拖曳臂	前後碟煞	225/45R17	轎式旅行車	5門	5人座	4585mm	1804mm	1466mm	1345kg	2730mm	660ltr	1775ltr	13.89km/ltr	20.41km/ltr	17.5km/ltr	4320元	4320元	53ltr	X	O	O	O	X	O	O	X	X	X	O	X	X	X	X	O	X	O	O	X	X	X	X	X	O	O	X	X	X	X	O	X	X	X	X	O	O	X	O	X	O	X	X	X	O	X	O	X	O	X	X	O	X	O	X	O	X	X	O	O	O	X	X	X	O	O	O	X	X	O	X	O	X	O	X	X	X	O	O	X	X	O	O	X	O	O	X	O	O	O	O	O	O	O	O	X	O	X	O	O	X	O	O	X
citroen-grand-c4-spacetourer-2020	Feel	159.8	柴油	渦輪增壓, 直列4缸, DOHC雙凸輪軸, 16氣門	1997cc	160hp@3750rpm	40.8kgm@2000rpm	16.7			前輪驅動	8速手自排	麥花臣	半拖曳臂	前後碟煞	205/55R17	廂型休旅車	5門	7人座	4602mm	1826mm	1644mm	1662kg	2840mm	645ltr	2181ltr	15.38km/ltr	20.83km/ltr	18.2km/ltr	3708元	11230元	55ltr	O	O	O	O	X	X	O	O	X	X	O	O	X	X	O	O	X	O	O	X	X	X	X	X	O	O	X	X	X	O	O	X	X	X	O	O	O	X	O	X	O	O	X	X	O	X	O	X	O	X	X	X	X	O	X	O	X	X	O	O	O	X	X	X	O	O	O	O	O	O	X	O	X	O	O	X	X	O	O	X	O	O	O	X	O	O	X	O	O	O	O	O	O	O	O	X	O	X	O	O	X	O	O	O
	Shine	178.8	柴油	渦輪增壓, 直列4缸, DOHC雙凸輪軸, 16氣門	1997cc	160hp@3750rpm	40.8kgm@2000rpm	16.7			前輪驅動	8速手自排	麥花臣	半拖曳臂	前後碟煞	225/45R18	廂型休旅車	5門	7人座	4602mm	1826mm	1644mm	1662kg	2840mm	645ltr	2181ltr	15.38km/ltr	20.83km/ltr	18.2km/ltr	3708元	11230元	55ltr	O	O	O	O	X	X	O	O	X	X	O	O	X	O	O	O	X	O	O	O	O	X	X	X	O	O	X	X	X	X	O	X	X	X	O	O	O	X	O	X	O	O	X	X	O	X	O	X	O	X	X	X	X	O	X	O	X	X	O	O	O	X	X	X	O	O	O	O	O	O	O	O	X	O	O	X	X	O	O	X	O	O	O	X	O	O	X	O	O	O	O	O	O	O	O	X	O	X	O	O	X	O	O	O
toyota-rav4-2020	2.0豪華	94.5	汽油	自然進氣, 直列4缸, DOHC雙凸輪軸, 16氣門	1987cc	173hp@6600rpm	20.7kgm@4400~4900rpm	13			前輪驅動	CVT 10速手自排	麥花臣	雙A臂	前後碟煞	225/65R17	運動休旅車	5門	5人座	4600mm	1855mm	1685mm	1610kg	2690mm			12.42km/ltr	17.35km/ltr	15.1km/ltr	6180元	11230元	55ltr	X	O	X	O	X	O	O	X	X	O	O	X	X	X	O	O	X	O	O	X	X	X	O	O	O	X	X	X	X	X	X	X	X	X	X	X	O	X	O	X	O	X	X	X	O	X	O	X	O	X	X	X	X	O	X	O	X	X	X	O	O	X	X	X	X	O	X	X	X	X	X	X	X	X	X	X	X	O	X	X	O	X	O	X	O	O	X	O	O	O	O	O	O	O	O	O	O	X	O	O	O	O	O	O
	2.0尊爵	102.9	汽油	自然進氣, 直列4缸, DOHC雙凸輪軸, 16氣門	1987cc	173hp@6600rpm	20.7kgm@4400~4900rpm	13			前輪驅動	CVT 10速手自排	麥花臣	雙A臂	前後碟煞	225/60R18	運動休旅車	5門	5人座	4600mm	1855mm	1685mm	1610kg	2690mm			12.42km/ltr	17.35km/ltr	15.1km/ltr	6180元	11230元	55ltr	X	O	O	O	X	O	O	X	X	O	O	X	O	X	O	O	O	O	O	O	X	X	O	O	O	O	O	X	X	X	O	X	X	X	X	X	O	X	O	X	O	X	X	X	O	X	O	X	O	X	X	X	X	O	X	O	X	X	X	O	O	X	X	X	X	O	O	X	X	O	X	O	X	X	X	X	X	O	O	X	O	O	O	X	O	O	X	O	O	O	O	O	O	O	O	O	O	X	O	O	O	O	O	O
	2.0旗艦	106.9	汽油	自然進氣, 直列4缸, DOHC雙凸輪軸, 16氣門	1987cc	173hp@6600rpm	20.7kgm@4400~4900rpm	13			前輪驅動	CVT 10速手自排	麥花臣	雙A臂	前後碟煞	225/60R18	運動休旅車	5門	5人座	4600mm	1855mm	1685mm	1610kg	2690mm			12.42km/ltr	17.35km/ltr	15.1km/ltr	6180元	11230元	55ltr	X	O	O	O	X	O	O	X	X	O	O	X	O	X	O	O	O	O	O	O	X	X	O	O	O	O	O	X	X	X	O	X	X	X	X	X	O	X	O	X	O	X	X	X	O	X	O	X	O	X	X	X	X	O	X	O	X	X	X	O	O	X	X	X	O	O	O	O	X	O	O	O	X	O	X	X	X	O	O	X	O	O	O	X	O	O	X	O	O	O	O	O	O	O	O	O	O	X	O	O	O	O	O	O
	2.5 Hybrid旗艦	115.9	油電混合	自然進氣, 直列4缸, DOHC雙凸輪軸, 16氣門	2487cc	178hp@5700rpm	22.5kgm@3600~5200rpm	14	218hp	120hp/20.6kgm	前輪驅動	CVT無段變速	麥花臣	雙A臂	前後碟煞	225/60R18	運動休旅車	5門	5人座	4600mm	1855mm	1685mm	1700kg	2690mm			34.87km/ltr	17.35km/ltr	21.3km/ltr	7200元	15210元	55ltr	X	O	O	O	X	O	O	X	X	O	O	X	O	X	O	O	O	O	O	O	X	X	O	O	O	O	O	X	X	X	O	X	X	X	X	X	O	X	O	X	O	X	X	X	O	X	O	X	O	X	X	X	X	O	X	O	X	X	X	O	O	X	X	X	O	O	O	O	X	O	O	O	X	O	X	X	X	O	O	X	O	O	O	X	O	O	X	O	O	O	O	O	O	O	O	O	O	X	O	O	O	O	O	O
	2.5 Adventure 4WD	122.9	汽油	自然進氣, 直列4缸, DOHC雙凸輪軸, 16氣門	2487cc	207hp@6600rpm	24.8kgm@4000~5000rpm	13			四輪驅動	8速手自排	麥花臣	雙A臂	前後碟煞	225/60R18	運動休旅車	5門	5人座	4615mm	1865mm	1690mm	1695kg	2690mm			9.80km/ltr	15.46km/ltr	12.8km/ltr	7200元	15210元	55ltr	X	O	O	O	X	O	O	O	X	O	O	X	X	X	O	O	O	O	O	O	X	X	O	O	O	O	X	X	X	X	O	X	X	X	O	O	O	X	O	X	O	X	X	X	O	X	O	X	O	X	X	X	X	O	X	O	X	O	X	O	O	X	X	X	O	O	O	O	X	O	O	O	X	O	X	X	X	O	O	X	O	O	O	X	O	O	X	O	O	O	O	O	O	O	O	O	O	O	O	O	O	O	O	O
	2.5 Hybrid旗艦4WD	126.9	油電混合	自然進氣, 直列4缸, DOHC雙凸輪軸, 16氣門	2487cc	178hp@5700rpm	22.5kgm@3600~5200rpm	14	222hp	前120hp/20.6kgm 後54hp/12.3kgm	四輪驅動	CVT無段變速	麥花臣	雙A臂	前後碟煞	225/60R18	運動休旅車	5門	5人座	4600mm	1855mm	1690mm	1755kg	2690mm			40.45km/ltr	15.57km/ltr	20.1km/ltr	7200元	15210元	55ltr	X	O	O	O	X	O	O	O	X	O	O	X	X	X	O	O	O	O	O	O	X	X	O	O	O	O	O	X	X	X	O	X	X	X	X	O	O	O	O	X	O	X	X	X	O	X	O	X	O	X	X	X	X	O	X	O	X	O	X	O	O	X	X	X	O	O	O	O	X	O	O	O	X	O	X	X	X	O	O	X	O	O	O	X	O	O	X	O	O	O	O	O	O	O	O	O	O	X	O	O	O	O	O	O
subaru-outback-2020	2.5i-S EyeSight	130.0	汽油	自然進氣, 水平對臥4缸, DOHC雙凸輪軸, 16氣門	2498cc	175hp@5800rpm	24.0kgm@4000rpm	10.3			四輪驅動	CVT 6速手自排	麥花臣	雙A臂	前後碟煞	225/60R18	轎式旅行車,跨界休旅車	5門	5人座	4820mm	1840mm	1605mm	1621kg	2745mm	559ltr		11.05km/ltr	16.19km/ltr	13.8km/ltr	7200元	15210元	60ltr	O	O	O	X	X	O	O	O	X	O	X	X	X	X	O	O	O	O	O	X	X	O	O	X	O	O	O	X	X	X	O	O	X	X	O	X	O	X	O	X	O	X	X	X	O	X	O	X	O	X	X	O	X	O	X	O	X	X	O	O	O	X	X	X	X	X	O	O	X	O	X	O	X	X	X	X	X	O	O	X	O	O	O	X	O	O	X	O	O	O	O	O	O	O	X	O	O	O	O	O	O	O	O	O
hyundai-santa-fe-2020	2.4汽油尊爵	129.9	汽油	自然進氣, 直列4缸, DOHC雙凸輪軸, 16氣門	2359cc	185hp@6000rpm	24.3kgm@4000rpm	11.3			四輪驅動	6速手自排	麥花臣	多連桿	前後碟煞	235/65R17	運動休旅車	5門	7人座	4770mm	1890mm	1705mm	1745kg	2765mm	130ltr	1625ltr	7.73km/ltr	13.87km/ltr	10.7km/ltr	6180元	11230元	71ltr	X	O	X	X	X	X	O	O	X	O	X	X	X	X	O	O	X	O	O	X	X	X	O	X	O	O	X	X	X	X	O	X	X	X	X	X	O	X	O	X	O	O	O	X	O	X	X	X	O	X	X	X	X	O	X	O	X	X	X	O	O	X	X	X	X	O	O	X	X	X	X	O	X	X	X	X	X	O	O	X	O	X	O	X	O	O	X	O	O	O	O	O	O	O	O	X	O	O	O	O	X	X	O	O
	2.4汽油旗艦	139.9	汽油	自然進氣, 直列4缸, DOHC雙凸輪軸, 16氣門	2359cc	185hp@6000rpm	24.3kgm@4000rpm	11.3			四輪驅動	6速手自排	麥花臣	多連桿	前後碟煞	235/60R18	運動休旅車	5門	7人座	4770mm	1890mm	1705mm	1774kg	2765mm	130ltr	1625ltr	7.49km/ltr	13.36km/ltr	10.4km/ltr	6180元	11230元	71ltr	X	O	X	O	X	X	O	O	X	O	X	X	X	X	O	O	O	O	O	O	X	O	O	X	O	O	X	X	O	X	O	X	X	X	X	X	O	X	O	X	O	O	O	X	O	X	O	X	O	X	X	X	X	O	X	O	X	X	O	O	O	X	X	X	X	O	O	O	X	O	X	O	X	X	X	X	X	O	O	X	O	X	O	X	O	O	X	O	O	O	O	O	O	O	O	X	O	O	O	O	X	X	O	O
	2.2柴油旗艦	149.9	柴油	渦輪增壓, 直列4缸, DOHC雙凸輪軸, 16氣門	2199cc	200hp@3800rpm	44.9kgm@1750~2750rpm	16			前輪驅動	8速手自排	麥花臣	多連桿	前後碟煞	235/60R18	運動休旅車	5門	7人座	4770mm	1890mm	1705mm	1846kg	2765mm	130ltr	1625ltr	13.71km/ltr	17.96km/ltr	16.1km/ltr	3708元	11230元	71ltr	X	O	X	O	X	X	O	O	X	O	X	X	X	X	O	O	O	O	O	O	X	O	O	X	O	O	X	X	O	X	O	X	X	X	X	X	O	X	O	X	O	O	O	X	O	X	O	X	O	X	X	X	X	O	X	O	X	X	O	O	O	X	X	X	X	O	O	O	X	O	X	O	X	X	X	X	X	O	O	X	O	X	O	X	O	O	X	O	O	O	O	O	O	O	O	X	O	O	O	O	X	X	O	O
subaru-levorg-2020	2.0 GT-S EyeSight	129.8	汽油	渦輪增壓, 水平對臥4缸, DOHC雙凸輪軸, 16氣門	1998cc	268hp@5600rpm	35.7kgm@2400~5200rpm	10.6			四輪驅動	CVT 6速手自排 高性能模式模擬8速	麥花臣	雙A臂	前後碟煞	225/45R18	轎式旅行車	5門	5人座	4690mm	1780mm	1490mm	1623kg	2650mm	522ltr		8.17km/ltr	13.93km/ltr	11.1km/ltr	6180元	11230元	60ltr	O	O	O	X	X	O	X	X	X	O	X	X	X	X	X	O	O	O	O	X	X	X	O	O	O	O	X	X	X	X	O	O	X	X	O	X	O	X	O	X	O	X	O	X	O	X	O	X	O	X	X	O	X	O	X	O	X	X	O	O	O	X	X	X	X	X	O	X	X	O	X	X	X	X	X	X	X	O	O	X	O	O	O	X	O	O	X	O	O	O	O	O	O	O	O	O	O	X	O	O	O	O	O	O
toyota-auris-2020	2.0尊爵版	84.9	汽油	自然進氣, 直列4缸, DOHC雙凸輪軸, 16氣門	1987cc	170hp@6600rpm	20.4kgm@4400~4800rpm	13			前輪驅動	CVT 10速手自排	麥花臣	雙A臂	前後碟煞	205/55R16	掀背車	5門	5人座	4375mm	1790mm	1435mm	1390kg	2640mm			12.65km/ltr	19.35km/ltr	16.2km/ltr	6180元	11230元	50ltr	X	O	X	O	X	O	O	X	X	O	X	X	O	X	X	O	X	O	O	O	X	X	X	X	O	X	X	X	X	X	O	X	X	X	X	X	O	X	O	X	O	X	X	X	O	X	O	X	O	X	X	X	X	O	X	O	X	X	X	O	O	X	X	X	O	O	O	X	X	X	X	X	X	X	X	X	X	O	O	X	O	X	O	X	O	O	X	O	O	O	O	O	O	O	O	O	O	X	O	O	O	O	O	O
	2.0旗艦版	89.5	汽油	自然進氣, 直列4缸, DOHC雙凸輪軸, 16氣門	1987cc	170hp@6600rpm	20.4kgm@4400~4800rpm	13			前輪驅動	CVT 10速手自排	麥花臣	雙A臂	前後碟煞	225/40R18	掀背車	5門	5人座	4375mm	1790mm	1435mm	1390kg	2640mm			12.65km/ltr	19.35km/ltr	16.2km/ltr	6180元	11230元	50ltr	X	O	O	O	X	O	O	X	X	O	O	X	O	X	X	O	X	O	O	O	X	X	X	X	O	O	X	X	X	X	O	X	X	X	O	X	O	X	O	X	O	X	X	X	O	X	O	X	O	X	X	X	X	O	X	O	X	X	X	O	O	X	O	X	O	O	O	X	X	X	X	O	X	X	X	X	X	O	O	X	O	O	O	X	O	O	X	O	O	O	O	O	O	O	O	O	O	X	O	O	O	O	O	O
mazda-3-5d-2020	2.0頂級型	90.9	汽油	自然進氣, 直列4缸, DOHC雙凸輪軸, 16氣門	1998cc	165hp@6000rpm	21.7kgm@4000rpm	13			前輪驅動	6速手自排	麥花臣	扭力樑	前後碟煞	215/45R18	掀背車	5門	5人座	4460mm	1795mm	1435mm	1370kg	2725mm	327ltr		11.47km/ltr	18.82km/ltr	15.2km/ltr	6180元	11230元	51ltr	O	O	X	O	X	O	O	X	X	O	O	X	X	X	O	O	X	O	O	X	X	X	X	X	O	O	X	X	X	X	O	X	X	X	X	X	O	X	O	X	O	X	X	O	X	X	O	X	O	X	X	X	X	O	X	O	X	O	O	O	O	X	X	X	O	O	O	X	X	O	X	X	X	O	X	X	X	O	O	X	O	O	O	X	O	O	X	O	O	O	O	O	O	O	O	O	O	X	O	O	X	O	O	O
	2.0旗艦型	96.9	汽油	自然進氣, 直列4缸, DOHC雙凸輪軸, 16氣門	1998cc	165hp@6000rpm	21.7kgm@4000rpm	13			前輪驅動	6速手自排	麥花臣	扭力樑	前後碟煞	215/45R18	掀背車	5門	5人座	4460mm	1795mm	1435mm	1370kg	2725mm	327ltr		11.47km/ltr	18.82km/ltr	15.2km/ltr	6180元	11230元	51ltr	O	O	X	O	X	O	O	X	X	O	O	X	X	X	O	O	X	O	O	X	X	X	X	X	O	O	X	X	X	X	O	X	X	X	X	X	O	X	O	X	O	X	X	O	X	X	O	X	O	X	X	X	X	O	X	O	X	O	O	O	O	X	O	X	O	O	O	X	X	O	O	X	X	O	X	X	X	O	O	X	O	O	O	X	O	O	X	O	O	O	O	O	O	O	O	O	O	X	O	O	X	O	O	O
	2.0 Bose旗艦型	98.9	汽油	自然進氣, 直列4缸, DOHC雙凸輪軸, 16氣門	1998cc	165hp@6000rpm	21.7kgm@4000rpm	13			前輪驅動	6速手自排	麥花臣	扭力樑	前後碟煞	215/45R18	掀背車	5門	5人座	4460mm	1795mm	1435mm	1370kg	2725mm	327ltr		11.47km/ltr	18.82km/ltr	15.2km/ltr	6180元	11230元	51ltr	O	O	X	O	X	O	O	X	X	O	O	X	X	X	O	O	X	O	O	X	X	X	X	X	O	O	X	X	X	X	O	X	X	X	X	X	O	X	O	X	O	X	X	X	X	X	O	X	O	O	X	X	X	O	X	O	X	O	O	O	O	X	O	X	O	O	O	X	X	O	O	X	X	O	X	X	X	O	O	X	O	O	O	X	O	O	X	O	O	O	O	O	O	O	O	O	O	X	O	O	X	O	O	O
peugeot-308-2020	1.2 PureTech Active	96.8	汽油	渦輪增壓, 直列3缸, DOHC雙凸輪軸, 12氣門	1199cc	130hp@5500rpm	23.45kgm@1750rpm	10.5			前輪驅動	6速手自排	麥花臣	半拖曳臂	前後碟煞	205/55R16	掀背車	5門	5人座	4253mm	1804mm	1466mm	1290kg	2620mm	470ltr	1309ltr	13.55km/ltr	20.29km/ltr	17.2km/ltr	4320元	4320元	53ltr	X	O	O	O	X	X	O	X	X	X	X	X	X	X	X	O	X	O	X	X	X	X	X	X	O	O	X	X	X	X	O	X	X	X	X	X	X	X	O	X	O	X	X	X	O	X	O	X	O	X	X	O	X	O	X	O	X	X	O	O	O	X	X	X	O	O	X	X	X	O	X	O	X	O	X	X	X	O	O	X	X	X	O	X	O	O	X	O	O	O	X	O	O	O	X	X	X	X	O	O	X	O	O	X
	1.2 PureTech Active＋	106.8	汽油	渦輪增壓, 直列3缸, DOHC雙凸輪軸, 12氣門	1199cc	130hp@5500rpm	23.45kgm@1750rpm	10.5			前輪驅動	6速手自排	麥花臣	半拖曳臂	前後碟煞	205/55R16	掀背車	5門	5人座	4253mm	1804mm	1466mm	1290kg	2620mm	470ltr	1309ltr	13.55km/ltr	20.29km/ltr	17.2km/ltr	4320元	4320元	53ltr	X	O	O	O	X	X	O	X	X	X	X	X	X	X	X	O	X	O	X	X	X	X	X	X	O	O	X	X	X	X	O	X	X	X	X	O	X	X	O	X	O	X	X	X	O	X	O	X	O	X	X	O	X	O	X	O	X	X	O	O	O	X	X	X	O	O	X	X	X	O	X	O	X	O	O	X	X	O	O	X	X	O	O	X	O	O	X	O	O	O	X	O	O	O	X	X	X	X	O	O	X	O	O	X
	1.2 PureTech Allure	118.8	汽油	渦輪增壓, 直列3缸, DOHC雙凸輪軸, 12氣門	1199cc	130hp@5500rpm	23.45kgm@1750rpm	10.5			前輪驅動	6速手自排	麥花臣	半拖曳臂	前後碟煞	225/45R17	掀背車	5門	5人座	4253mm	1804mm	1466mm	1290kg	2620mm	470ltr	1309ltr	13.55km/ltr	20.29km/ltr	17.2km/ltr	4320元	4320元	53ltr	X	O	O	O	X	O	O	X	X	X	O	X	X	X	X	O	X	O	O	X	X	X	X	X	O	O	X	X	X	X	O	X	X	X	X	O	O	X	O	X	O	X	X	X	O	X	O	X	O	X	X	O	X	O	X	O	X	X	O	O	O	X	X	X	O	O	O	X	X	O	X	O	X	O	O	X	X	O	O	X	X	O	O	X	O	O	X	O	O	O	O	O	O	O	O	X	O	X	O	O	X	O	O	X
	GTi	169.8	汽油	渦輪增壓, 直列4缸, DOHC雙凸輪軸, 16氣門	1598cc	270hp@6000rpm	33.65kgm@1900rpm	10.5			前輪驅動	6速手排	麥花臣	半拖曳臂	前後碟煞	235/35R19	掀背車	5門	5人座	4253mm	1804mm	1446mm	1300kg	2617mm	470ltr	1309ltr	11.11km/ltr	18km/ltr	14.7km/ltr	4800元	7120元	53ltr	X	O	X	O	O	O	O	X	X	X	O	X	X	X	X	O	X	O	O	X	O	X	X	X	O	O	X	X	X	X	O	X	X	O	X	O	O	X	O	X	O	X	X	X	O	X	O	X	O	X	X	O	X	O	X	O	X	X	O	O	O	X	X	X	O	O	O	X	X	O	X	O	X	O	O	X	X	O	O	X	X	O	O	X	O	O	X	O	O	O	X	O	O	O	X	X	X	X	O	O	X	O	O	X
subaru-forester-2020	2.0 i-L	103.0	汽油	自然進氣, 水平對臥4缸, DOHC雙凸輪軸, 16氣門	1995cc	156hp@6000rpm	20.0kgm@4000rpm	12.5			四輪驅動	CVT 7速手自排	麥花臣	雙A臂	前後碟煞	225/60R17	運動休旅車	5門	5人座	4625mm	1815mm	1730mm	1530kg	2670mm	520ltr		10.53km/ltr	16.08km/ltr	13.5km/ltr	6180元	11230元	63ltr	X	O	O	X	X	O	X	O	X	O	X	X	X	X	O	O	O	O	O	X	X	O	O	O	O	O	O	X	X	X	O	X	X	X	O	X	O	X	O	X	O	X	O	X	O	X	O	O	O	X	X	X	X	O	X	O	O	X	O	O	O	X	X	X	X	O	O	X	X	O	X	X	X	X	X	X	X	O	O	X	X	X	O	X	O	O	X	O	O	O	X	O	O	O	X	O	X	O	O	O	O	O	O	X
	2.0 i-L EyeSight	109.8	汽油	自然進氣, 水平對臥4缸, DOHC雙凸輪軸, 16氣門	1995cc	156hp@6000rpm	20.0kgm@4000rpm	12.5			四輪驅動	CVT 7速手自排	麥花臣	雙A臂	前後碟煞	225/60R17	運動休旅車	5門	5人座	4625mm	1815mm	1730mm	1533kg	2670mm	520ltr		10.53km/ltr	16.08km/ltr	13.5km/ltr	6180元	11230元	63ltr	O	O	O	X	X	O	O	O	X	O	X	X	X	X	O	O	O	O	O	X	X	O	O	O	O	O	O	X	X	X	O	X	X	X	O	X	O	X	O	X	O	X	O	X	O	X	O	O	O	X	X	X	X	O	X	O	O	X	O	O	O	X	X	X	X	O	O	X	X	O	X	X	X	X	X	X	X	O	O	X	O	O	O	X	O	O	X	O	O	O	O	O	O	O	X	O	O	O	O	O	O	O	O	O
	2.0 i-S	109.8	汽油	自然進氣, 水平對臥4缸, DOHC雙凸輪軸, 16氣門	1995cc	156hp@6000rpm	20.0kgm@4000rpm	12.5			四輪驅動	CVT 7速手自排	麥花臣	雙A臂	前後碟煞	225/55R18	運動休旅車	5門	5人座	4625mm	1815mm	1730mm	1547kg	2670mm	520ltr		10.53km/ltr	16.08km/ltr	13.5km/ltr	6180元	11230元	63ltr	O	O	O	X	X	O	O	O	X	O	X	X	X	X	O	O	O	O	O	X	X	O	O	O	O	O	O	X	X	X	O	X	X	X	O	X	O	X	O	X	O	X	O	X	O	X	O	O	O	X	X	X	X	O	X	O	O	X	O	O	O	X	X	X	X	O	O	O	X	O	X	X	X	X	X	X	X	O	O	X	X	O	O	X	O	O	X	O	O	O	X	O	O	O	X	O	X	O	O	O	O	O	O	X
	2.0 i-L GT Edition	111.5	汽油	自然進氣, 水平對臥4缸, DOHC雙凸輪軸, 16氣門	1995cc	156hp@6000rpm	20.0kgm@4000rpm	12.5			四輪驅動	CVT 7速手自排	麥花臣	雙A臂	前後碟煞	225/55R18	運動休旅車	5門	5人座	4625mm	1815mm	1730mm	1530kg	2670mm	520ltr		10.53km/ltr	16.08km/ltr	13.5km/ltr	6180元	11230元	63ltr	X	O	O	X	O	O	X	O	X	O	X	X	X	X	O	O	O	O	O	X	X	O	O	O	O	O	O	X	X	X	O	X	X	X	O	X	O	X	O	X	O	X	O	X	O	X	O	X	O	X	X	X	X	O	X	O	X	X	O	O	O	X	X	X	X	O	O	X	X	O	O	X	X	X	X	X	X	O	O	X	X	X	O	X	O	O	X	O	O	O	X	O	O	O	X	O	X	O	O	O	O	O	O	X
	2.0 i-S GT Edition	116.8	汽油	自然進氣, 水平對臥4缸, DOHC雙凸輪軸, 16氣門	1995cc	156hp@6000rpm	20.0kgm@4000rpm	12.5			四輪驅動	CVT 7速手自排	麥花臣	雙A臂	前後碟煞	225/55R18	運動休旅車	5門	5人座	4625mm	1815mm	1730mm	1547kg	2670mm	520ltr		10.53km/ltr	16.08km/ltr	13.5km/ltr	6180元	11230元	63ltr	O	O	O	X	O	O	O	O	X	O	X	X	X	X	O	O	O	O	O	X	X	O	O	O	O	O	O	X	X	X	O	X	X	X	O	X	O	X	O	X	O	X	O	X	O	X	O	X	O	X	X	X	X	O	X	O	X	X	O	O	O	X	X	X	X	O	O	O	X	O	O	X	X	X	X	X	X	O	O	X	X	O	O	X	O	O	X	O	O	O	X	O	O	O	X	O	X	O	O	O	O	O	O	X
	2.0 i-L EyeSight GT Edition	118.3	汽油	自然進氣, 水平對臥4缸, DOHC雙凸輪軸, 16氣門	1995cc	156hp@6000rpm	20.0kgm@4000rpm	12.5			四輪驅動	CVT 7速手自排	麥花臣	雙A臂	前後碟煞	225/55R18	運動休旅車	5門	5人座	4625mm	1815mm	1730mm	1533kg	2670mm	520ltr		10.53km/ltr	16.08km/ltr	13.5km/ltr	6180元	11230元	63ltr	O	O	O	X	O	O	O	O	X	O	X	X	X	X	O	O	O	O	O	X	X	O	O	O	O	O	O	X	X	X	O	X	X	X	O	X	O	X	O	X	O	X	O	X	O	X	O	X	O	X	X	X	X	O	X	O	X	X	O	O	O	X	X	X	X	O	O	X	X	O	O	X	X	X	X	X	X	O	O	X	O	O	O	X	O	O	X	O	O	O	O	O	O	O	X	O	O	O	O	O	O	O	O	O
	2.0 i-S EyeSight	119.8	汽油	自然進氣, 水平對臥4缸, DOHC雙凸輪軸, 16氣門	1995cc	156hp@6000rpm	20.0kgm@4000rpm	12.5			四輪驅動	CVT 7速手自排	麥花臣	雙A臂	前後碟煞	225/55R18	運動休旅車	5門	5人座	4625mm	1815mm	1730mm	1564kg	2670mm	520ltr		10.53km/ltr	16.08km/ltr	13.5km/ltr	6180元	11230元	63ltr	O	O	O	X	X	O	O	O	X	O	X	X	X	X	O	O	O	O	O	X	X	O	O	O	O	O	O	X	X	X	O	O	X	X	O	X	O	X	O	X	O	X	O	X	O	X	O	O	O	X	X	X	X	O	X	O	O	X	O	O	O	X	X	X	X	O	O	O	X	O	X	X	X	X	X	X	X	O	O	X	O	O	O	X	O	O	X	O	O	O	O	O	O	O	X	O	O	O	O	O	O	O	O	O
	2.0 i-S EyeSight GT Edition	126.8	汽油	自然進氣, 水平對臥4缸, DOHC雙凸輪軸, 16氣門	1995cc	156hp@6000rpm	20.0kgm@4000rpm	12.5			四輪驅動	CVT 7速手自排	麥花臣	雙A臂	前後碟煞	225/55R18	運動休旅車	5門	5人座	4625mm	1815mm	1730mm	1564kg	2670mm	520ltr		10.53km/ltr	16.08km/ltr	13.5km/ltr	6180元	11230元	63ltr	O	O	O	X	O	O	O	O	X	O	X	X	X	X	O	O	O	O	O	X	X	O	O	O	O	O	O	X	X	X	O	O	X	X	O	X	O	X	O	X	O	X	O	X	O	X	O	X	O	X	X	X	X	O	X	O	X	X	O	O	O	X	X	X	X	O	O	O	X	O	O	X	X	X	X	X	X	O	O	X	O	O	O	X	O	O	X	O	O	O	O	O	O	O	X	O	O	O	O	O	O	O	O	O
volkswagen-tiguan-2020	280 TSI Comfort	109.8	汽油	渦輪增壓, 直列4缸, DOHC雙凸輪軸, 16氣門	1395cc	150hp@5000~6000rpm	25.5kgm@1500~3500rpm	10.5			前輪驅動	雙離合器6速自手排	麥花臣	四連桿	前後碟煞	215/65R17	運動休旅車	5門	5人座	4486mm	1839mm	1632mm	1526kg	2681mm	615ltr	1655ltr	10.14km/ltr	15.07km/ltr	12.8km/ltr	4800元	7120元	60ltr	X	O	O	O	X	X	X	O	X	O	X	X	X	X	O	O	X	O	X	X	X	X	X	X	O	X	X	X	X	O	X	X	X	X	X	X	X	X	O	X	O	O	X	O	X	X	O	X	O	X	X	O	X	O	X	O	X	X	X	O	O	X	X	X	O	O	X	X	X	O	X	O	X	O	X	X	X	O	O	X	O	X	O	X	O	O	X	O	O	O	X	O	O	O	X	O	X	X	O	O	O	O	O	O
	280 TSI Life	119.8	汽油	渦輪增壓, 直列4缸, DOHC雙凸輪軸, 16氣門	1395cc	150hp@5000~6000rpm	25.5kgm@1500~3500rpm	10.5			前輪驅動	雙離合器6速自手排	麥花臣	四連桿	前後碟煞	215/65R17	運動休旅車	5門	5人座	4486mm	1839mm	1632mm	1526kg	2681mm	615ltr	1655ltr	10.14km/ltr	15.07km/ltr	12.8km/ltr	4800元	7120元	60ltr	X	O	O	O	X	O	O	O	X	O	X	X	O	X	O	O	O	O	O	O	X	X	O	X	O	O	O	X	X	X	O	X	X	X	X	O	O	X	O	X	O	O	X	O	X	X	O	X	O	X	X	O	X	O	X	O	X	X	O	O	O	X	X	X	O	O	O	O	X	O	O	O	X	O	O	X	X	O	O	X	O	X	O	X	O	O	X	O	O	O	X	O	O	O	X	O	X	X	O	O	O	O	O	O
	280 TSI Elegance	129.8	汽油	渦輪增壓, 直列4缸, DOHC雙凸輪軸, 16氣門	1395cc	150hp@5000~6000rpm	25.5kgm@1500~3500rpm	10.5			前輪驅動	雙離合器6速自手排	麥花臣	四連桿	前後碟煞	235/55R18	運動休旅車	5門	5人座	4486mm	1839mm	1632mm	1526kg	2681mm	615ltr	1655ltr	10.14km/ltr	15.07km/ltr	12.8km/ltr	4800元	7120元	60ltr	X	O	O	O	X	O	O	O	X	O	X	X	O	X	O	O	O	O	O	O	X	X	O	X	O	O	O	X	X	X	O	X	X	X	O	O	O	X	O	X	O	O	X	O	X	X	O	X	O	X	X	O	X	O	X	O	X	X	O	O	O	X	X	X	O	O	O	O	X	O	O	O	X	O	O	X	X	O	O	X	O	O	O	X	O	O	X	O	O	O	O	O	O	O	O	O	X	X	O	O	O	O	O	O
	330 TSI Elegance	144.8	汽油	渦輪增壓, 直列4缸, DOHC雙凸輪軸, 16氣門	1984cc	180hp@3940~6000rpm	32.6kgm@1500~3940rpm	11.65			四輪驅動	雙離合器7速自手排	麥花臣	四連桿	前後碟煞	235/50R19	運動休旅車	5門	5人座	4486mm	1839mm	1632mm	1730kg	2681mm	615ltr	1655ltr	9.91km/ltr	14.67km/ltr	12.5km/ltr	6180元	11230元	63ltr	X	O	O	O	X	O	O	O	X	O	X	X	O	O	O	O	O	O	O	O	X	O	O	X	O	O	O	O	X	X	O	X	X	X	O	O	O	X	O	X	O	O	X	O	X	X	O	X	O	X	X	O	X	O	X	O	X	X	O	O	O	X	O	X	O	O	O	O	X	O	O	O	X	O	O	X	X	O	O	X	O	O	O	X	O	O	X	O	O	O	O	O	O	O	O	O	X	O	O	O	O	O	O	O
	380 TSI R-Line  Performance	172.8	汽油	渦輪增壓, 直列4缸, DOHC雙凸輪軸, 16氣門	1984cc	220hp@4500~6200rpm	35.7kgm@1500~4400rpm	9.6			四輪驅動	雙離合器7速自手排	麥花臣	四連桿	前後碟煞	255/40R20	運動休旅車	5門	5人座	4486mm	1839mm	1632mm	1755kg	2681mm	615ltr	1655ltr	8.89km/ltr	13.26km/ltr	11.2km/ltr	6180元	11230元	63ltr	X	O	O	O	O	O	O	O	X	O	X	X	O	O	O	O	O	O	O	O	X	O	O	X	O	O	O	O	X	X	O	X	X	X	O	O	O	X	O	X	O	O	X	X	X	O	O	X	O	X	X	O	X	O	X	O	X	X	O	O	O	X	O	X	O	O	O	O	X	O	O	O	X	O	O	X	X	O	O	X	O	O	O	O	O	O	X	O	O	O	O	O	O	O	O	O	X	O	O	O	O	O	O	O
ford-focus-5d-2020	1.5 Ti-VCT成真型	69.2	汽油	自然進氣, 直列3缸, DOHC雙凸輪軸, 12氣門	1497cc	123hp@6500rpm	15.3kgm@4500rpm	11			前輪驅動	6速自排	麥花臣	扭力樑	前後碟煞	205/60R16	掀背車	5門	5人座	4378mm	1825mm	1480mm	1281kg	2700mm	375ltr		12.56km/ltr	20.73km/ltr	16.7km/ltr	4800元	7120元	52ltr	X	O	O	X	X	X	O	X	X	O	X	X	X	X	X	O	X	O	O	X	X	X	O	X	O	O	X	X	X	X	O	X	X	X	X	X	O	X	O	X	O	X	X	X	O	X	O	X	O	X	X	X	X	O	X	O	X	X	O	O	O	X	X	X	O	O	X	X	X	X	X	O	X	X	X	X	X	O	O	X	X	X	O	X	O	O	X	O	O	O	X	O	O	O	X	X	X	X	O	O	X	O	O	X
	EcoBoost 182時尚經典型	78.8	汽油	渦輪增壓, 直列3缸, DOHC雙凸輪軸, 12氣門	1497cc	182hp@6000rpm	24.5kgm@1600~4500rpm	11			前輪驅動	8速手自排	麥花臣	扭力樑	前後碟煞	205/60R16	掀背車	5門	5人座	4378mm	1825mm	1480mm	1323kg	2700mm	375ltr		13.11km/ltr	21.39km/ltr	17.3km/ltr	4800元	7120元	52ltr	X	O	O	X	X	X	O	X	X	O	X	X	X	X	O	O	X	O	O	X	X	X	O	X	O	O	X	X	X	X	O	X	X	X	O	X	O	X	O	X	O	X	X	X	O	X	O	X	O	X	X	X	X	O	X	O	X	X	O	O	O	X	X	X	O	O	O	X	X	X	X	O	X	X	X	X	X	O	O	X	X	X	O	X	O	O	X	O	O	O	X	O	O	O	X	X	X	X	O	O	X	O	O	X
	ST-Line	89.8	汽油	渦輪增壓, 直列3缸, DOHC雙凸輪軸, 12氣門	1497cc	182hp@6000rpm	24.5kgm@1600~4500rpm	11			前輪驅動	8速手自排	麥花臣	扭力樑	前後碟煞	235/40R18	掀背車	5門	5人座	4387mm	1825mm	1465mm	1360kg	2700mm	341ltr		12.81km/ltr	20.39km/ltr	16.7km/ltr	4800元	7120元	52ltr	X	O	O	X	O	O	O	X	X	O	X	X	X	X	O	O	X	O	O	X	X	X	O	X	O	O	X	X	X	X	O	X	X	O	O	X	O	X	O	X	O	X	X	X	X	X	O	X	O	X	X	X	X	O	O	O	X	O	O	O	O	X	O	X	O	O	O	X	X	O	X	O	X	O	X	X	X	O	O	X	O	O	O	X	O	O	X	O	O	O	O	O	O	O	O	X	O	X	O	O	X	O	O	O
	ST-Line Lommel賽道特化版	92.8	汽油	渦輪增壓, 直列3缸, DOHC雙凸輪軸, 12氣門	1497cc	182hp@6000rpm	24.5kgm@1600~4500rpm	11			前輪驅動	8速手自排	麥花臣	多連桿	前後碟煞	235/40R18	掀背車	5門	5人座	4387mm	1825mm	1465mm	1360kg	2700mm	341ltr		12.81km/ltr	20.39km/ltr	16.7km/ltr	4800元	7120元	52ltr	X	O	O	X	O	O	O	X	X	O	X	X	X	X	O	O	X	O	O	X	X	X	O	X	O	O	X	X	X	X	O	X	X	O	O	X	O	X	O	X	O	X	X	X	X	X	O	X	O	X	X	X	X	O	O	O	X	O	O	O	O	X	O	X	O	O	O	X	X	O	X	O	X	O	X	X	X	O	O	X	O	O	O	X	O	O	X	O	O	O	O	O	O	O	O	X	O	X	O	O	X	O	O	O
volkswagen-sharan-2020	280 TSI Life	156.8	汽油	渦輪增壓, 直列4缸, DOHC雙凸輪軸, 16氣門	1395cc	150hp@5000~6000rpm	25.5kgm@1500~3500rpm	10			前輪驅動	雙離合器6速自手排	麥花臣	四連桿	前後碟煞	225/50R17	廂型休旅車	5門	7人座	4854mm	1904mm	1740mm	1797kg	2920mm	300ltr	2297ltr	11.29km/ltr	15.72km/ltr	13.7km/ltr	4800元	7120元	70ltr	X	O	O	O	X	X	O	O	X	O	X	O	O	O	O	O	O	O	O	O	X	O	O	X	O	O	O	X	X	X	O	X	X	X	X	O	O	X	O	X	O	O	X	O	X	X	O	X	O	X	X	O	X	O	X	O	X	X	O	O	O	X	X	O	O	O	X	O	X	O	X	O	X	O	O	X	X	O	O	X	O	O	O	X	O	O	O	O	O	O	O	O	O	O	O	O	X	X	O	O	O	O	O	O
toyota-corolla-altis-2020	1.8經典	69.8	汽油	自然進氣, 直列4缸, DOHC雙凸輪軸, 16氣門	1798cc	140hp@6400rpm	17.6kgm@4000rpm	10			前輪驅動	CVT 7速手自排	麥花臣	雙A臂	前後碟煞	195/65R15	轎車	4門	5人座	4630mm	1780mm	1435mm	1290kg	2700mm	470ltr		11.16km/ltr	18.53km/ltr	14.9km/ltr	4800元	7120元	50ltr	X	O	X	O	X	X	O	X	O	O	X	X	X	X	O	O	X	O	O	X	X	X	O	X	O	X	X	X	X	X	X	X	X	X	X	X	O	X	O	X	O	X	X	X	X	X	X	X	X	X	O	O	X	O	X	O	X	X	X	O	O	X	X	X	X	X	X	X	X	X	X	X	X	X	X	X	X	O	X	X	O	X	O	X	O	O	X	O	O	O	O	O	O	O	O	O	O	X	O	O	O	O	O	O
	1.8豪華	72.8	汽油	自然進氣, 直列4缸, DOHC雙凸輪軸, 16氣門	1798cc	140hp@6400rpm	17.6kgm@4000rpm	10			前輪驅動	CVT 7速手自排	麥花臣	雙A臂	前後碟煞	205/55R16	轎車	4門	5人座	4630mm	1780mm	1435mm	1305kg	2700mm	470ltr		11.16km/ltr	18.53km/ltr	14.9km/ltr	4800元	7120元	50ltr	X	O	O	O	X	X	O	X	X	O	X	X	X	X	O	O	X	O	O	X	X	X	O	X	O	X	X	X	X	X	O	X	X	X	X	X	O	X	O	X	O	X	X	X	O	X	O	X	X	X	X	X	X	O	X	O	X	X	X	O	O	X	X	X	X	O	O	X	X	X	X	X	X	X	X	X	X	O	O	X	O	X	O	X	O	O	X	O	O	O	O	O	O	O	O	O	O	X	O	O	O	O	O	O
	1.8尊爵	77.8	汽油	自然進氣, 直列4缸, DOHC雙凸輪軸, 16氣門	1798cc	140hp@6400rpm	17.6kgm@4000rpm	10			前輪驅動	CVT 7速手自排	麥花臣	雙A臂	前後碟煞	205/55R16	轎車	4門	5人座	4630mm	1780mm	1435mm	1315kg	2700mm	470ltr		11.16km/ltr	18.53km/ltr	14.9km/ltr	4800元	7120元	50ltr	X	O	O	O	X	O	O	X	X	O	X	X	X	X	O	O	O	O	O	O	X	X	O	X	O	X	X	X	X	X	O	X	X	X	X	X	O	X	O	X	O	X	X	X	O	X	O	X	X	X	X	X	X	O	X	O	X	X	X	O	O	X	O	X	X	O	O	X	X	X	O	X	X	X	X	X	X	O	O	X	O	O	O	X	O	O	X	O	O	O	O	O	O	O	O	O	O	X	O	O	O	O	O	O
	1.8 Hybrid尊爵	81.8	油電混合	自然進氣, 直列4缸, DOHC雙凸輪軸, 16氣門	1798cc	98hp@5200rpm	14.5kgm@3600rpm	13	122hp	72hp/16.6kgm	前輪驅動	CVT無段變速	麥花臣	雙A臂	前後碟煞	205/55R16	轎車	4門	5人座	4630mm	1780mm	1435mm	1390kg	2700mm	470ltr		25.42km/ltr	26.02km/ltr	25.8km/ltr	4800元	7120元	43ltr	X	O	X	O	X	X	O	X	X	O	X	X	X	X	O	O	X	O	O	X	X	X	O	X	O	X	X	X	X	X	O	X	X	X	X	X	O	X	O	X	O	X	X	X	O	X	O	X	X	X	X	X	X	O	X	O	X	X	X	O	O	X	X	X	X	O	O	X	X	X	X	X	X	X	X	X	X	O	O	X	O	O	O	X	O	O	X	O	O	O	O	O	O	O	O	O	O	X	O	O	O	O	O	O
	1.8 Hybrid旗艦	89.8	油電混合	自然進氣, 直列4缸, DOHC雙凸輪軸, 16氣門	1798cc	98hp@5200rpm	14.5kgm@3600rpm	13	122hp	72hp/16.6kgm	前輪驅動	CVT無段變速	麥花臣	雙A臂	前後碟煞	205/55R16	轎車	4門	5人座	4630mm	1780mm	1435mm	1390kg	2700mm	470ltr		25.42km/ltr	26.02km/ltr	25.8km/ltr	4800元	7120元	43ltr	X	O	O	O	X	O	O	X	X	O	X	X	X	X	O	O	O	O	O	O	X	X	O	X	O	X	X	X	X	X	O	X	X	X	X	X	O	X	O	X	O	X	X	X	O	X	O	X	X	X	X	X	X	O	X	O	X	X	X	O	O	X	O	X	X	O	O	X	X	X	O	X	X	X	X	X	X	O	O	X	O	O	O	X	O	O	X	O	O	O	O	O	O	O	O	O	O	X	O	O	O	O	O	O
hyundai-elantra-2020	經典型	64.9	汽油	自然進氣, 直列4缸, DOHC雙凸輪軸, 16氣門	1591cc	128hp@6300rpm	15.8kgm@4850rpm	10.5			前輪驅動	6速手自排	麥花臣	扭力樑	前後碟煞	195/65R15	轎車	4門	5人座	4620mm	1800mm	1450mm	1262kg	2700mm	458ltr		10.92km/ltr	18.81km/ltr	14.9km/ltr	4800元	7120元	50ltr	X	O	X	O	X	X	O	X	X	O	X	X	X	X	X	O	X	O	O	X	X	X	O	X	O	X	X	X	X	X	X	X	X	X	X	X	X	X	X	X	O	X	O	X	O	X	X	X	O	X	X	X	X	X	X	O	X	X	X	O	X	X	X	X	X	O	X	X	X	X	X	O	X	X	X	X	X	O	O	X	X	X	O	X	O	O	X	O	O	O	X	O	O	O	X	X	X	X	O	O	X	O	O	X
	豪華型	69.9	汽油	自然進氣, 直列4缸, DOHC雙凸輪軸, 16氣門	1591cc	128hp@6300rpm	15.8kgm@4850rpm	10.5			前輪驅動	6速手自排	麥花臣	扭力樑	前後碟煞	205/55R16	轎車	4門	5人座	4620mm	1800mm	1450mm	1277kg	2700mm	458ltr		10.91km/ltr	18.53km/ltr	14.7km/ltr	4800元	7120元	50ltr	X	O	X	O	X	X	O	X	X	O	X	X	X	X	O	O	X	O	O	X	X	X	O	X	O	O	X	X	X	X	O	X	X	X	X	X	X	X	O	X	O	X	O	X	O	X	X	X	O	X	X	X	X	X	X	O	X	X	X	O	O	X	X	X	X	O	X	X	X	X	X	O	X	X	X	X	X	O	O	X	O	X	O	X	O	O	X	O	O	O	O	O	O	O	O	X	X	X	O	O	X	O	O	O
	旗艦型	75.9	汽油	自然進氣, 直列4缸, DOHC雙凸輪軸, 16氣門	1591cc	128hp@6300rpm	15.8kgm@4850rpm	10.5			前輪驅動	6速手自排	麥花臣	扭力樑	前後碟煞	205/55R16	轎車	4門	5人座	4620mm	1800mm	1450mm	1285kg	2700mm	458ltr		10.91km/ltr	18.53km/ltr	14.7km/ltr	4800元	7120元	50ltr	X	O	X	O	X	O	O	X	X	O	X	X	X	X	O	O	X	O	O	X	X	X	O	X	O	O	X	X	X	X	O	X	X	X	X	X	X	X	O	X	O	X	O	X	O	X	X	X	O	X	X	X	X	X	X	O	X	X	X	O	O	X	X	X	X	O	O	X	X	X	X	O	X	X	X	O	X	O	O	X	O	O	O	X	O	O	X	O	O	O	O	O	O	O	O	X	X	X	O	O	X	O	O	O
	Sport	81.9	汽油	渦輪增壓, 直列4缸, DOHC雙凸輪軸, 16氣門	1591cc	204hp@6000rpm	27.0kgm@1500~4500rpm	9.5			前輪驅動	雙離合器7速自手排	麥花臣	多連桿	前後碟煞	225/45R17	轎車	4門	5人座	4620mm	1800mm	1450mm	1376kg	2700mm	458ltr		10.79km/ltr	18.08km/ltr	14.50km/ltr	4800元	7120元	50ltr	X	O	X	O	O	O	O	X	X	O	X	X	X	X	O	O	X	O	O	X	X	X	O	X	O	O	X	X	X	X	O	X	X	O	O	X	O	X	O	X	O	X	O	X	O	X	X	X	O	X	X	X	X	X	X	O	X	X	X	O	O	X	X	X	X	O	O	X	X	X	X	O	X	X	X	O	X	O	O	X	X	X	O	X	O	O	X	O	O	O	O	O	O	O	O	X	X	X	O	O	X	O	O	O
	Sport極速型	85.9	汽油	渦輪增壓, 直列4缸, DOHC雙凸輪軸, 16氣門	1591cc	204hp@6000rpm	27.0kgm@1500~4500rpm	9.5			前輪驅動	雙離合器7速自手排	麥花臣	多連桿	前後碟煞	225/45R17	轎車	4門	5人座	4620mm	1800mm	1450mm	1381kg	2700mm	458ltr		10.79km/ltr	18.08km/ltr	14.50km/ltr	4800元	7120元	50ltr	X	O	X	O	O	O	O	X	X	O	X	X	X	X	O	O	X	O	O	X	X	X	O	X	O	O	X	X	X	X	O	X	X	O	O	X	O	X	O	X	O	X	O	X	O	X	O	X	O	X	X	X	X	O	X	O	X	X	O	O	O	X	X	X	X	O	O	X	X	X	X	O	X	X	X	O	X	O	O	X	X	O	O	X	O	O	X	O	O	O	O	O	O	O	O	O	X	X	O	O	X	O	O	O
nissan-x-trail-2020	2.0 2WD智行版	99.9	汽油	自然進氣, 直列4缸, DOHC雙凸輪軸, 16氣門	1997cc	141.5hp@6000rpm	20.1kgm@4400rpm	11.2			前輪驅動	CVT 7速手自排	麥花臣	多連桿	前後碟煞	225/65R17	運動休旅車	5門	5人座	4670mm	1820mm	1749mm	1493kg	2706mm			10.64km/ltr	16.62km/ltr	13.8km/ltr	6180元	11230元	60ltr	X	O	O	O	X	O	O	O	X	O	X	X	X	X	O	O	X	O	O	X	X	X	X	X	O	O	X	X	X	X	O	X	X	X	X	X	O	X	O	X	O	O	O	X	O	X	O	X	O	X	X	X	X	O	X	O	X	X	X	O	O	X	X	X	X	O	O	O	X	X	O	X	X	O	X	X	X	O	O	X	O	O	O	X	O	O	X	O	O	O	O	O	O	O	O	X	X	X	O	O	X	O	O	O
	2.5 4WD旗艦版	116.9	汽油	自然進氣, 直列4缸, DOHC雙凸輪軸, 16氣門	2488cc	169.4hp@6000rpm	23.6kgm@4400rpm	10			四輪驅動	CVT 7速手自排	麥花臣	多連桿	前後碟煞	225/60R18	運動休旅車	5門	5人座	4670mm	1820mm	1749mm	1610kg	2706mm			9.08km/ltr	15.19km/ltr	12.2km/ltr	7200元	15210元	60ltr	X	O	O	O	X	O	O	O	X	O	X	X	X	X	O	O	O	O	O	O	X	X	X	X	O	O	X	X	X	X	O	X	X	X	X	O	O	X	O	X	O	O	O	X	O	X	O	X	O	X	X	X	X	O	X	O	X	X	X	O	O	X	X	X	X	O	O	O	X	X	O	X	X	O	X	X	X	O	O	X	O	O	O	X	O	O	X	O	O	O	O	O	O	O	O	X	X	O	O	O	X	O	O	O
citroen-c5-aircross-2020	Feel	138.8	汽油	渦輪增壓, 直列4缸, DOHC雙凸輪軸, 16氣門	1598cc	180hp@5500rpm	25.5kgm@1650rpm	10.5			前輪驅動	8速手自排	麥花臣	拖曳臂	前後碟煞	235/55R18	運動休旅車	5門	5人座	4500mm	1859mm	1692mm	1550kg	2730mm	580ltr	1630ltr	11.25km/ltr	17.36km/ltr	14.5km/ltr	4800元	7120元	53ltr	X	O	O	O	X	X	O	O	X	O	X	X	X	X	O	O	X	O	O	X	X	X	O	X	O	O	X	X	X	X	O	X	X	X	O	O	O	X	O	X	O	O	X	X	O	X	O	X	O	X	X	X	X	O	X	O	X	X	O	O	O	X	X	X	O	O	X	O	X	O	X	O	O	X	X	X	X	O	O	X	O	O	O	X	O	O	X	O	O	O	O	O	O	O	O	X	O	O	O	O	X	O	O	O
	Shine	146.8	汽油	渦輪增壓, 直列4缸, DOHC雙凸輪軸, 16氣門	1598cc	180hp@5500rpm	25.5kgm@1650rpm	10.5			前輪驅動	8速手自排	麥花臣	拖曳臂	前後碟煞	235/55R18	運動休旅車	5門	5人座	4500mm	1859mm	1692mm	1550kg	2730mm	580ltr	1630ltr	11.25km/ltr	17.36km/ltr	14.5km/ltr	4800元	7120元	53ltr	X	O	O	O	X	O	O	O	X	O	X	X	O	X	O	O	O	O	O	X	O	X	O	X	O	O	O	X	X	X	O	X	X	X	O	O	O	X	O	X	O	O	X	X	O	X	O	X	O	X	X	X	X	O	X	O	X	X	O	O	O	X	X	X	O	O	O	O	X	O	O	O	O	O	O	X	X	O	O	X	O	O	O	X	O	O	X	O	O	O	O	O	O	O	O	X	O	O	O	O	X	O	O	O
	Shine＋	155.8	汽油	渦輪增壓, 直列4缸, DOHC雙凸輪軸, 16氣門	1598cc	180hp@5500rpm	25.5kgm@1650rpm	10.5			前輪驅動	8速手自排	麥花臣	拖曳臂	前後碟煞	235/55R18	運動休旅車	5門	5人座	4500mm	1859mm	1692mm	1550kg	2730mm	580ltr	1630ltr	11.25km/ltr	17.36km/ltr	14.5km/ltr	4800元	7120元	53ltr	X	O	O	O	X	O	O	O	X	O	X	X	O	X	O	O	O	O	O	X	O	X	O	X	O	O	O	X	X	X	O	X	X	X	O	O	O	X	O	X	O	O	X	X	O	X	O	X	O	X	X	X	X	O	X	O	X	X	O	O	O	X	X	X	O	O	O	O	X	O	O	O	O	O	O	X	X	O	O	X	O	O	O	X	O	O	X	O	O	O	O	O	O	O	O	X	O	O	O	O	X	O	O	O
subaru-xv-2020	2.0 i-S	99.8	汽油	自然進氣, 水平對臥4缸, DOHC雙凸輪軸, 16氣門	1995cc	156hp@6000rpm	20.0kgm@4000rpm	12.5			四輪驅動	CVT 7速手自排	麥花臣	雙A臂	前後碟煞	225/55R18	掀背車,跨界休旅車	5門	5人座	4465mm	1800mm	1615mm	1458kg	2665mm	385ltr		10.02km/ltr	16.35km/ltr	13.3km/ltr	6180元	11230元	63ltr	O	O	O	X	X	O	O	O	X	O	X	X	X	X	X	O	O	O	O	X	X	X	O	X	O	O	X	X	X	X	O	O	X	X	O	X	O	X	O	X	O	X	O	X	O	X	O	X	O	X	X	O	X	O	X	O	X	X	O	X	O	X	X	X	X	O	O	X	X	O	X	X	X	X	X	X	X	O	O	X	X	O	O	X	O	O	X	O	O	O	X	O	O	O	X	O	O	O	O	O	O	O	O	X
	2.0 i-S EyeSight	102.8	汽油	自然進氣, 水平對臥4缸, DOHC雙凸輪軸, 16氣門	1995cc	156hp@6000rpm	20.0kgm@4000rpm	12.5			四輪驅動	CVT 7速手自排	麥花臣	雙A臂	前後碟煞	225/55R18	掀背車,跨界休旅車	5門	5人座	4465mm	1800mm	1615mm	1461kg	2665mm	385ltr		10.69km/ltr	16.58km/ltr	13.8km/ltr	6180元	11230元	63ltr	O	O	O	X	X	O	O	O	X	O	X	X	X	X	X	O	O	O	O	X	X	X	O	X	O	O	X	X	X	X	O	O	X	X	O	X	O	X	O	X	O	X	O	X	O	X	O	X	O	X	X	O	X	O	X	O	X	X	O	X	O	X	X	X	X	O	O	X	X	O	X	X	X	X	X	X	X	O	O	X	O	O	O	X	O	O	X	O	O	O	O	O	O	O	X	O	O	O	O	O	O	O	O	O
	2.0 GT Edition	109.0	汽油	自然進氣, 水平對臥4缸, DOHC雙凸輪軸, 16氣門	1995cc	156hp@6000rpm	20.0kgm@4000rpm	12.5			四輪驅動	CVT 7速手自排	麥花臣	雙A臂	前後碟煞	225/55R18	掀背車,跨界休旅車	5門	5人座	4465mm	1800mm	1615mm	1461kg	2665mm	385ltr		10.69km/ltr	16.58km/ltr	13.8km/ltr	6180元	11230元	63ltr	O	O	O	X	O	O	O	O	X	O	X	X	X	X	X	O	O	O	O	X	X	X	O	X	O	O	X	X	X	X	O	O	X	X	O	X	O	X	O	X	O	X	O	X	O	X	O	X	O	X	X	O	X	O	X	O	X	X	O	X	O	X	X	X	X	O	O	X	X	O	O	X	X	X	X	X	X	O	O	X	O	O	O	X	O	O	X	O	O	O	O	O	O	O	X	O	O	O	O	O	O	O	O	O
honda-cr-v-2020	1.5 VTi-S	103.0	汽油	渦輪增壓, 直列4缸, DOHC雙凸輪軸, 16氣門	1498cc	193hp@5600rpm	24.8kgm@2000~5000rpm	10.3			前輪驅動	CVT 7速手自排	麥花臣	多連桿	前後碟煞	235/60R18	運動休旅車	5門	5人座	4570mm	1855mm	1680mm	1504kg	2660mm			11.17km/ltr	17.69km/ltr	14.6km/ltr	4800元	7120元	57ltr	X	O	O	O	X	O	O	X	X	O	X	X	X	X	O	O	X	O	O	X	X	X	O	O	O	O	X	X	X	X	O	X	X	X	O	X	O	X	O	X	O	X	X	O	X	X	O	X	O	X	X	X	X	O	X	O	X	O	O	O	O	X	X	X	O	X	O	X	X	O	X	X	X	X	X	X	X	O	O	X	O	O	O	X	O	O	X	O	O	O	O	O	O	O	O	X	O	X	O	O	X	X	O	O
	1.5 S	113.0	汽油	渦輪增壓, 直列4缸, DOHC雙凸輪軸, 16氣門	1498cc	193hp@5600rpm	24.8kgm@2000~5000rpm	10.3			前輪驅動	CVT 7速手自排	麥花臣	多連桿	前後碟煞	235/60R18	運動休旅車	5門	5人座	4570mm	1855mm	1680mm	1541kg	2660mm			11.17km/ltr	17.69km/ltr	14.6km/ltr	4800元	7120元	57ltr	X	O	O	O	X	O	O	X	X	O	X	X	X	X	O	O	O	O	O	O	X	X	O	O	O	O	X	X	X	X	O	X	X	X	O	O	O	X	O	X	O	X	X	O	X	X	O	X	O	X	X	X	X	O	X	O	X	O	O	O	O	O	X	X	O	X	O	O	X	O	X	X	X	X	X	X	X	X	O	X	O	O	O	X	O	O	X	O	O	O	O	O	O	O	O	X	O	X	O	O	X	X	O	O
volkswagen-touran-2020	280 TSI Comfort	109.8	汽油	渦輪增壓, 直列4缸, DOHC雙凸輪軸, 16氣門	1395cc	150hp@5000~6000rpm	25.5kgm@1500~3500rpm	10			前輪驅動	雙離合器7速自手排	麥花臣	四連桿	前後碟煞	215/55R17	跨界休旅車,廂型休旅車	5門	7人座	4527mm	1829mm	1659mm	1530kg	2791mm	137ltr	1857ltr	13.39km/ltr	17.83km/ltr	15.9km/ltr	4800元	7120元	58ltr	X	O	O	O	X	X	X	O	X	O	O	X	X	X	O	O	X	O	X	X	X	X	O	X	O	O	X	X	X	O	O	X	X	X	X	X	O	X	O	X	O	O	X	O	X	X	O	X	O	X	X	O	X	O	X	O	X	X	O	O	O	X	X	X	O	O	O	X	X	O	X	O	X	O	X	X	X	O	O	X	O	X	O	X	O	O	O	O	O	O	X	O	O	O	X	O	X	X	O	O	O	X	O	O
	280 TSI Life	122.8	汽油	渦輪增壓, 直列4缸, DOHC雙凸輪軸, 16氣門	1395cc	150hp@5000~6000rpm	25.5kgm@1500~3500rpm	10			前輪驅動	雙離合器7速自手排	麥花臣	四連桿	前後碟煞	215/55R17	跨界休旅車,廂型休旅車	5門	7人座	4527mm	1829mm	1659mm	1570kg	2791mm	137ltr	1857ltr	13.39km/ltr	17.83km/ltr	15.9km/ltr	4800元	7120元	58ltr	X	O	O	O	X	O	O	O	X	O	O	X	O	X	O	O	O	O	X	O	X	X	O	X	O	O	X	X	X	X	O	X	X	X	X	O	O	X	O	X	O	O	X	O	X	X	O	X	O	X	X	O	X	O	X	O	X	X	O	O	O	X	X	X	O	O	O	O	X	O	X	O	X	O	O	X	X	O	O	X	O	O	O	X	O	O	O	O	O	O	O	O	O	O	O	O	X	X	O	O	O	X	O	O
	280 TSI R-Line	138.8	汽油	渦輪增壓, 直列4缸, DOHC雙凸輪軸, 16氣門	1395cc	150hp@5000~6000rpm	25.5kgm@1500~3500rpm	10			前輪驅動	雙離合器7速自手排	麥花臣	四連桿	前後碟煞	225/45R18	跨界休旅車,廂型休旅車	5門	7人座	4527mm	1829mm	1659mm	1580kg	2791mm	137ltr	1857ltr	13.39km/ltr	17.83km/ltr	15.9km/ltr	4800元	7120元	58ltr	X	O	X	O	O	O	O	O	X	O	O	X	O	O	O	O	O	O	X	O	X	O	O	X	O	O	X	X	X	X	O	X	X	X	O	O	O	X	O	X	O	O	X	O	X	X	O	X	O	X	X	O	X	O	X	O	X	X	O	O	O	X	X	X	O	O	O	O	X	O	X	O	X	O	O	X	X	O	O	X	O	O	O	X	O	O	O	O	O	O	O	O	O	O	O	O	X	X	O	O	O	X	O	O
ford-kuga-2020	EcoBoost 182全民便利型	85.9	汽油	渦輪增壓, 直列4缸, DOHC雙凸輪軸, 16氣門	1498cc	182hp@6000rpm	24.5kgm@1600~5000rpm	10			前輪驅動	6速手自排	麥花臣	多連桿	前後碟煞	235/55R17	運動休旅車	5門	5人座	4536mm	1838mm	1685mm	1560kg	2690mm			10.0km/ltr	16.3km/ltr	13.3km/ltr	4800元	7120元	60ltr	X	O	O	O	X	X	O	X	X	O	X	X	X	X	O	O	X	O	O	X	X	X	X	X	O	O	X	X	X	X	O	X	X	X	O	X	O	X	O	X	O	X	X	X	O	X	O	X	O	X	X	O	X	O	X	O	X	X	O	X	X	X	X	X	X	O	X	X	X	X	X	O	X	X	X	X	X	O	O	X	X	X	O	X	O	O	X	O	O	O	X	O	O	O	X	O	X	X	O	O	X	O	O	X
	EcoBoost 182 CP360型	99.9	汽油	渦輪增壓, 直列4缸, DOHC雙凸輪軸, 16氣門	1498cc	182hp@6000rpm	24.5kgm@1600~5000rpm	10			前輪驅動	6速手自排	麥花臣	多連桿	前後碟煞	235/50R18	運動休旅車	5門	5人座	4536mm	1838mm	1695mm	1605kg	2690mm			10.1km/ltr	15.6km/ltr	13km/ltr	4800元	7120元	60ltr	X	O	O	O	X	X	O	O	X	O	X	X	X	X	O	O	X	O	O	X	X	X	X	X	O	O	X	X	X	X	O	X	X	X	O	O	O	X	O	X	O	X	X	O	X	X	O	X	O	X	X	O	X	O	X	O	X	X	O	O	O	O	X	X	O	O	O	O	X	O	O	O	X	X	X	X	X	X	O	X	O	O	O	X	O	O	X	O	O	O	O	O	O	O	O	O	X	X	O	O	X	O	O	O
	2.0 TDCi柴油CP360型	113.8	柴油	渦輪增壓, 直列4缸, DOHC雙凸輪軸, 16氣門	1997cc	180hp@3500rpm	40.8kgm@2000~2500rpm	16.7			四輪驅動	雙離合器6速自手排	麥花臣	多連桿	前後碟煞	235/50R18	運動休旅車	5門	5人座	4536mm	1838mm	1695mm	1765kg	2690mm			15.6km/ltr	19.3km/ltr	17.8km/ltr	3708元	11230元	60ltr	X	O	O	O	X	X	O	O	X	O	X	X	X	X	O	O	O	O	O	X	X	X	X	X	O	O	X	X	X	X	O	X	X	X	O	O	O	X	O	X	O	X	X	O	X	X	O	X	O	X	X	O	X	O	X	O	X	X	O	O	O	O	X	X	O	O	O	O	X	O	O	O	X	O	O	X	X	X	O	X	O	O	O	X	O	O	X	O	O	O	X	O	O	O	X	O	X	X	O	O	X	O	O	X
	EcoBoost 245 CP360旗艦型	113.8	汽油	渦輪增壓, 直列4缸, DOHC雙凸輪軸, 16氣門	1998cc	245hp@5500rpm	38kgm@3000rpm	9.7			四輪驅動	6速手自排	麥花臣	多連桿	前後碟煞	235/50R18	運動休旅車	5門	5人座	4536mm	1838mm	1695mm	1720kg	2690mm			8.3km/ltr	13.7km/ltr	10.9km/ltr	6180元	11230元	60ltr	O	O	O	O	X	X	O	O	X	O	X	O	X	X	O	O	O	O	O	X	X	X	X	X	O	O	X	X	X	X	O	X	X	X	O	O	O	X	O	X	O	X	X	X	X	O	O	X	O	X	X	O	X	O	X	O	X	X	O	O	O	O	X	X	O	O	O	O	X	O	O	O	X	O	O	X	X	X	O	X	O	O	O	X	O	O	X	O	O	O	O	O	O	O	O	O	O	X	O	O	X	O	O	O
mitsubishi-eclipse-cross-2020	傳奇型	94.9	汽油	渦輪增壓, 直列4缸, DOHC雙凸輪軸, 16氣門	1499cc	163hp@5500rpm	25.49kgm@1800~4500rpm	10			前輪驅動	CVT 8速手自排	麥花臣	多連桿	前後碟煞	215/70R16	運動休旅車	5門	5人座	4405mm	1805mm	1685mm		2670mm			12.72km/ltr	16.05km/ltr	14.6km/ltr	4800元	7120元		X	O	O	O	X	X	O	O	X	O	O	X	X	X	X	O	X	O	O	X	X	X	O	X	O	O	X	X	X	O	O	X	X	X	O	X	O	X	O	X	O	O	X	X	O	X	X	X	O	X	X	O	X	X	X	O	X	X	X	O	O	X	X	X	X	X	X	X	X	O	X	O	X	X	X	X	X	O	O	X	X	X	O	X	O	O	X	O	O	O	O	O	O	O	X	O	O	X	O	O	X	X	O	O
	菁英型	100.9	汽油	渦輪增壓, 直列4缸, DOHC雙凸輪軸, 16氣門	1499cc	163hp@5500rpm	25.49kgm@1800~4500rpm	10			前輪驅動	CVT 8速手自排	麥花臣	多連桿	前後碟煞	225/55R18	運動休旅車	5門	5人座	4405mm	1805mm	1685mm		2670mm			12.72km/ltr	16.05km/ltr	14.6km/ltr	4800元	7120元		X	O	O	O	X	X	O	O	X	O	O	X	O	X	X	O	O	O	O	X	X	X	O	X	O	O	X	X	X	X	O	X	X	X	O	X	O	X	O	X	O	O	X	X	O	X	O	X	O	X	X	X	X	O	X	O	X	X	O	O	O	X	X	X	X	O	O	X	X	O	X	O	X	O	X	X	X	O	O	X	O	X	O	X	O	O	X	O	O	O	O	O	O	O	X	O	O	X	O	O	X	X	O	O
	卓越型	108.9	汽油	渦輪增壓, 直列4缸, DOHC雙凸輪軸, 16氣門	1499cc	163hp@5500rpm	25.49kgm@1800~4500rpm	10			前輪驅動	CVT 8速手自排	麥花臣	多連桿	前後碟煞	225/55R18	運動休旅車	5門	5人座	4405mm	1805mm	1685mm		2670mm			12.72km/ltr	16.05km/ltr	14.6km/ltr	4800元	7120元		X	O	O	O	X	O	O	O	X	O	O	X	O	X	X	O	O	O	O	X	X	X	O	X	O	O	X	X	X	X	O	X	X	X	O	X	O	X	O	X	O	O	X	X	O	X	O	X	O	X	X	X	X	O	X	O	X	X	O	O	O	X	O	X	X	O	O	X	X	O	O	O	X	O	X	X	X	O	O	X	O	O	O	X	O	O	X	O	O	O	O	O	O	O	X	O	O	X	O	O	X	X	O	O
	S-AWC行家型	109.9	汽油	渦輪增壓, 直列4缸, DOHC雙凸輪軸, 16氣門	1499cc	163hp@5500rpm	25.49kgm@1800~4500rpm	10			四輪驅動	CVT 8速手自排	麥花臣	多連桿	前後碟煞	225/55R18	運動休旅車	5門	5人座	4405mm	1805mm	1685mm		2670mm			11.11km/ltr	14.21km/ltr	12.9km/ltr	4800元	7120元		X	O	O	O	X	O	O	O	X	O	O	X	O	X	X	O	O	O	O	X	X	X	O	X	O	O	X	X	X	X	O	X	X	X	O	X	O	X	O	X	O	O	X	X	O	X	O	X	O	X	X	X	X	O	X	O	X	X	O	O	O	X	X	X	X	O	O	X	X	O	X	O	X	O	X	X	X	O	O	X	O	X	O	X	O	O	X	O	O	O	O	O	O	O	X	O	O	X	O	O	X	X	O	O
	S-AWC旗艦型	117.9	汽油	渦輪增壓, 直列4缸, DOHC雙凸輪軸, 16氣門	1499cc	163hp@5500rpm	25.49kgm@1800~4500rpm	10			四輪驅動	CVT 8速手自排	麥花臣	多連桿	前後碟煞	225/55R18	運動休旅車	5門	5人座	4405mm	1805mm	1685mm		2670mm			11.11km/ltr	14.21km/ltr	12.9km/ltr	4800元	7120元		X	O	O	O	X	O	O	O	X	O	O	X	O	X	X	O	O	O	O	X	X	X	O	X	O	O	X	X	X	X	O	X	X	X	O	O	O	X	O	X	O	O	X	X	X	O	O	X	O	X	X	X	X	O	X	O	X	X	O	O	O	O	O	X	X	O	O	X	X	O	O	O	X	O	X	X	X	X	O	X	O	O	O	X	O	O	X	O	O	O	O	O	O	O	X	O	O	X	O	O	X	X	O	O
